-- phpMyAdmin SQL Dump
-- version 5.2.1
-- https://www.phpmyadmin.net/
--
-- Servidor: 127.0.0.1
-- Tiempo de generación: 07-03-2024 a las 17:08:09
-- Versión del servidor: 10.4.28-MariaDB
-- Versión de PHP: 8.2.4

SET SQL_MODE = "NO_AUTO_VALUE_ON_ZERO";
START TRANSACTION;
SET time_zone = "+00:00";


/*!40101 SET @OLD_CHARACTER_SET_CLIENT=@@CHARACTER_SET_CLIENT */;
/*!40101 SET @OLD_CHARACTER_SET_RESULTS=@@CHARACTER_SET_RESULTS */;
/*!40101 SET @OLD_COLLATION_CONNECTION=@@COLLATION_CONNECTION */;
/*!40101 SET NAMES utf8mb4 */;

--
-- Base de datos: `lealtad`
--

-- --------------------------------------------------------

--
-- Estructura de tabla para la tabla `admin`
--

CREATE TABLE `admin` (
  `ID` int(11) NOT NULL,
  `name` varchar(255) DEFAULT NULL,
  `email` varchar(255) DEFAULT NULL,
  `password` varchar(255) DEFAULT NULL
) ENGINE=InnoDB DEFAULT CHARSET=utf8mb4 COLLATE=utf8mb4_general_ci;

--
-- Volcado de datos para la tabla `admin`
--

INSERT INTO `admin` (`ID`, `name`, `email`, `password`) VALUES
(6, 'oliver', 'panchito34@gmai.com', '$2y$10$.avmn9TC32PccgiBmlF4juzzcDQDNFWV8Ea04vddDvuGvEdhzjSva'),
(7, 'oliver', 'panchito@gmai.com', '$2y$10$58NGsLzJgDZtlf/LQ2VIJOjZ96Plm1eZjPIsgKKsj3/D./NqgPZ92'),
(8, 'pancho', 'pan@gmail.com', '$2y$10$nbMwIUbGVOlK7CXJiEf0IOU8xENz7d2/5nWXP4JBUVWfPbfhlxhtC'),
(9, 'pancho22', 'pepe@gmail.com', '$2y$10$eFboIYcZtiaaqVx1kbOkfulsVU8jNWfVXTAeUlikVS6vLF3yX3DO6'),
(10, 'oliver', 'admin@gmail.com', '$2y$10$Nk4tbI1szI6bqYbwGOBEF.cqpnVGuEJ6V4OIJdle/tt7A.px2U6wO'),
(11, 'pancho', 'oliver_snake05@hotmail.com', '$2y$10$RYEg6T2esocdySrHMZjGzefAK4ftM6t4xjFvzPOflL7i1en7lrvOi');

-- --------------------------------------------------------

--
-- Estructura de tabla para la tabla `ciudades`
--

CREATE TABLE `ciudades` (
  `id` bigint(20) UNSIGNED NOT NULL,
  `nombre` varchar(255) NOT NULL,
  `estado_id` bigint(20) UNSIGNED NOT NULL,
  `created_at` timestamp NULL DEFAULT NULL,
  `updated_at` timestamp NULL DEFAULT NULL
) ENGINE=InnoDB DEFAULT CHARSET=utf8mb4 COLLATE=utf8mb4_unicode_ci;

--
-- Volcado de datos para la tabla `ciudades`
--

INSERT INTO `ciudades` (`id`, `nombre`, `estado_id`, `created_at`, `updated_at`) VALUES
(1, 'Acapulco', 1, NULL, NULL),
(2, 'Ahuacuotzingo', 1, NULL, NULL),
(3, 'Ajuchitlán del Progreso', 1, NULL, NULL),
(4, 'Alcozauca de Guerrero', 1, NULL, NULL),
(5, 'Alpoyeca', 1, NULL, NULL),
(6, 'Apaxtla', 1, NULL, NULL),
(7, 'Arcelia', 1, NULL, NULL),
(8, 'Atenango del Río', 1, NULL, NULL),
(9, 'Atlamajalcingo del Monte', 1, NULL, NULL),
(10, 'Atlixtac', 1, NULL, NULL),
(11, 'Atoyac de Álvarez', 1, NULL, NULL),
(12, 'Ayutla de los Libres', 1, NULL, NULL),
(13, 'Azoyú', 1, NULL, NULL),
(14, 'Benito Juárez', 1, NULL, NULL),
(15, 'Buenavista de Cuéllar', 1, NULL, NULL),
(16, 'Coahuayutla de José María Izazaga', 1, NULL, NULL),
(17, 'Cocula', 1, NULL, NULL),
(18, 'Copala', 1, NULL, NULL),
(19, 'Copalillo', 1, NULL, NULL),
(20, 'Copanatoyac', 1, NULL, NULL),
(21, 'Coyuca de Benítez', 1, NULL, NULL),
(22, 'Coyuca de Catalán', 1, NULL, NULL),
(23, 'Cuajinicuilapa', 1, NULL, NULL),
(24, 'Cualác', 1, NULL, NULL),
(25, 'Cuautepec', 1, NULL, NULL),
(26, 'Cuetzala del Progreso', 1, NULL, NULL),
(27, 'Cutzamala de Pinzón', 1, NULL, NULL),
(28, 'Chilapa de Álvarez', 1, NULL, NULL),
(29, 'Chilpancingo de los Bravo', 1, NULL, NULL),
(30, 'Florencio Villarreal', 1, NULL, NULL),
(31, 'General Canuto A. Neri', 1, NULL, NULL),
(32, 'General Heliodoro Castillo', 1, NULL, NULL),
(33, 'Huamuxtitlán', 1, NULL, NULL),
(34, 'Huitzuco de los Figueroa', 1, NULL, NULL),
(35, 'Iguala de la Independencia', 1, NULL, NULL),
(36, 'Igualapa', 1, NULL, NULL),
(37, 'Ixcateopan de Cuauhtémoc', 1, NULL, NULL),
(38, 'Zihuatanejo de Azueta', 1, NULL, NULL),
(39, 'Juan R. Escudero', 1, NULL, NULL),
(40, 'Leonardo Bravo', 1, NULL, NULL),
(41, 'Malinaltepec', 1, NULL, NULL),
(42, 'Mártir de Cuilapan', 1, NULL, NULL),
(43, 'Metlatónoc', 1, NULL, NULL),
(44, 'Mochitlán', 1, NULL, NULL),
(45, 'Olinalá', 1, NULL, NULL),
(46, 'Ometepec', 1, NULL, NULL),
(47, 'Pedro Ascencio Alquisiras', 1, NULL, NULL),
(48, 'Petatlán', 1, NULL, NULL),
(49, 'Pilcaya', 1, NULL, NULL),
(50, 'Pungarabato', 1, NULL, NULL),
(51, 'Quechultenango', 1, NULL, NULL),
(52, 'San Luis Acatlán', 1, NULL, NULL),
(53, 'San Marcos', 1, NULL, NULL),
(54, 'San Miguel Totolapan', 1, NULL, NULL),
(55, 'Taxco de Alarcón', 1, NULL, NULL),
(56, 'Tecoanapa', 1, NULL, NULL),
(57, 'Técpan de Galeana', 1, NULL, NULL),
(58, 'Teloloapan', 1, NULL, NULL),
(59, 'Tepecoacuilco de Trujano', 1, NULL, NULL),
(60, 'Tetipac', 1, NULL, NULL),
(61, 'Tixtla de Guerrero', 1, NULL, NULL),
(62, 'Tlacoachistlahuaca', 1, NULL, NULL),
(63, 'Tlacoapa', 1, NULL, NULL),
(64, 'Tlalchapa', 1, NULL, NULL),
(65, 'Tlalixtaquilla de Maldonado', 1, NULL, NULL),
(66, 'Tlapa de Comonfort', 1, NULL, NULL),
(67, 'Tlapehuala', 1, NULL, NULL),
(68, 'La Unión de Isidoro Montes de Oca', 1, NULL, NULL),
(69, 'Xalpatláhuac', 1, NULL, NULL),
(70, 'Xochihuehuetlán', 1, NULL, NULL),
(71, 'Xochistlahuaca', 1, NULL, NULL),
(72, 'Zapotitlán Tablas', 1, NULL, NULL),
(73, 'Zirándaro', 1, NULL, NULL),
(74, 'Zitlala', 1, NULL, NULL),
(75, 'Eduardo Neri', 1, NULL, NULL),
(76, 'Acatepec', 1, NULL, NULL),
(77, 'Marquelia', 1, NULL, NULL),
(78, 'Cochoapa el Grande', 1, NULL, NULL),
(79, 'José Joaquín de Herrera', 1, NULL, NULL),
(80, 'Juchitán', 1, NULL, NULL),
(81, 'Iliatenco', 1, NULL, NULL),
(82, 'Abejones', 2, NULL, NULL),
(83, 'Acatlán de Pérez Figueroa', 2, NULL, NULL),
(84, 'Asunción Cacalotepec', 2, NULL, NULL),
(85, 'Asunción Cuyotepeji', 2, NULL, NULL),
(86, 'Asunción Ixtaltepec', 2, NULL, NULL),
(87, 'Asunción Nochixtlán', 2, NULL, NULL),
(88, 'Asunción Ocotlán', 2, NULL, NULL),
(89, 'Asunción Tlacolulita', 2, NULL, NULL),
(90, 'Ayotzintepec', 2, NULL, NULL),
(91, 'El Barrio de la Soledad', 2, NULL, NULL),
(92, 'Calihualá', 2, NULL, NULL),
(93, 'Candelaria Loxicha', 2, NULL, NULL),
(94, 'Ciénega de Zimatlán', 2, NULL, NULL),
(95, 'Ciudad Ixtepec', 2, NULL, NULL),
(96, 'Coatecas Altas', 2, NULL, NULL),
(97, 'Coicoyán de las Flores', 2, NULL, NULL),
(98, 'La Compañía', 2, NULL, NULL),
(99, 'Concepción Buenavista', 2, NULL, NULL),
(100, 'Concepción Pápalo', 2, NULL, NULL),
(101, 'Constancia del Rosario', 2, NULL, NULL),
(102, 'Cosolapa', 2, NULL, NULL),
(103, 'Cosoltepec', 2, NULL, NULL),
(104, 'Cuilápam de Guerrero', 2, NULL, NULL),
(105, 'Cuyamecalco Villa de Zaragoza', 2, NULL, NULL),
(106, 'Chahuites', 2, NULL, NULL),
(107, 'Chalcatongo de Hidalgo', 2, NULL, NULL),
(108, 'Chiquihuitlán de Benito Juárez', 2, NULL, NULL),
(109, 'Heroica Ciudad de Ejutla de Crespo', 2, NULL, NULL),
(110, 'Eloxochitlán de Flores Magón', 2, NULL, NULL),
(111, 'El Espinal', 2, NULL, NULL),
(112, 'Tamazulápam del Espíritu Santo', 2, NULL, NULL),
(113, 'Fresnillo de Trujano', 2, NULL, NULL),
(114, 'Guadalupe Etla', 2, NULL, NULL),
(115, 'Guadalupe de Ramírez', 2, NULL, NULL),
(116, 'Guelatao de Juárez', 2, NULL, NULL),
(117, 'Guevea de Humboldt', 2, NULL, NULL),
(118, 'Mesones Hidalgo', 2, NULL, NULL),
(119, 'Villa Hidalgo', 2, NULL, NULL),
(120, 'Heroica Ciudad de Huajuapan de León', 2, NULL, NULL),
(121, 'Huautepec', 2, NULL, NULL),
(122, 'Huautla de Jiménez', 2, NULL, NULL),
(123, 'Ixtlán de Juárez', 2, NULL, NULL),
(124, 'Juchitán de Zaragoza', 2, NULL, NULL),
(125, 'Loma Bonita', 2, NULL, NULL),
(126, 'Magdalena Apasco', 2, NULL, NULL),
(127, 'Magdalena Jaltepec', 2, NULL, NULL),
(128, 'Santa Magdalena Jicotlán', 2, NULL, NULL),
(129, 'Magdalena Mixtepec', 2, NULL, NULL),
(130, 'Magdalena Ocotlán', 2, NULL, NULL),
(131, 'Magdalena Peñasco', 2, NULL, NULL),
(132, 'Magdalena Teitipac', 2, NULL, NULL),
(133, 'Magdalena Tequisistlán', 2, NULL, NULL),
(134, 'Magdalena Tlacotepec', 2, NULL, NULL),
(135, 'Magdalena Zahuatlán', 2, NULL, NULL),
(136, 'Mariscala de Juárez', 2, NULL, NULL),
(137, 'Mártires de Tacubaya', 2, NULL, NULL),
(138, 'Matías Romero Avendaño', 2, NULL, NULL),
(139, 'Mazatlán Villa de Flores', 2, NULL, NULL),
(140, 'Miahuatlán de Porfirio Díaz', 2, NULL, NULL),
(141, 'Mixistlán de la Reforma', 2, NULL, NULL),
(142, 'Monjas', 2, NULL, NULL),
(143, 'Natividad', 2, NULL, NULL),
(144, 'Nazareno Etla', 2, NULL, NULL),
(145, 'Nejapa de Madero', 2, NULL, NULL),
(146, 'Ixpantepec Nieves', 2, NULL, NULL),
(147, 'Santiago Niltepec', 2, NULL, NULL),
(148, 'Oaxaca de Juárez', 2, NULL, NULL),
(149, 'Ocotlán de Morelos', 2, NULL, NULL),
(150, 'La Pe', 2, NULL, NULL),
(151, 'Pinotepa de Don Luis', 2, NULL, NULL),
(152, 'Pluma Hidalgo', 2, NULL, NULL),
(153, 'San José del Progreso', 2, NULL, NULL),
(154, 'Putla Villa de Guerrero', 2, NULL, NULL),
(155, 'Santa Catarina Quioquitani', 2, NULL, NULL),
(156, 'Reforma de Pineda', 2, NULL, NULL),
(157, 'La Reforma', 2, NULL, NULL),
(158, 'Reyes Etla', 2, NULL, NULL),
(159, 'Acacoyagua', 3, NULL, NULL),
(160, 'Acala', 3, NULL, NULL),
(161, 'Acapetahua', 3, NULL, NULL),
(162, 'Altamirano', 3, NULL, NULL),
(163, 'Amatán', 3, NULL, NULL),
(164, 'Amatenango de la Frontera', 3, NULL, NULL),
(165, 'Amatenango del Valle', 3, NULL, NULL),
(166, 'Ángel Albino Corzo', 3, NULL, NULL),
(167, 'Arriaga', 3, NULL, NULL),
(168, 'Bejucal de Ocampo', 3, NULL, NULL),
(169, 'Bella Vista', 3, NULL, NULL),
(170, 'Berriozábal', 3, NULL, NULL),
(171, 'Bochil', 3, NULL, NULL),
(172, 'El Bosque', 3, NULL, NULL),
(173, 'Cacahoatán', 3, NULL, NULL),
(174, 'Catazajá', 3, NULL, NULL),
(175, 'Cintalapa', 3, NULL, NULL),
(176, 'Coapilla', 3, NULL, NULL),
(177, 'Comitán de Domínguez', 3, NULL, NULL),
(178, 'La Concordia', 3, NULL, NULL),
(179, 'Copainalá', 3, NULL, NULL),
(180, 'Chalchihuitán', 3, NULL, NULL),
(181, 'Chamula', 3, NULL, NULL),
(182, 'Chanal', 3, NULL, NULL),
(183, 'Chapultenango', 3, NULL, NULL),
(184, 'Chenalhó', 3, NULL, NULL),
(185, 'Chiapa de Corzo', 3, NULL, NULL),
(186, 'Chiapilla', 3, NULL, NULL),
(187, 'Chicoasén', 3, NULL, NULL),
(188, 'Chicomuselo', 3, NULL, NULL),
(189, 'Chilón', 3, NULL, NULL),
(190, 'Escuintla', 3, NULL, NULL),
(191, 'Francisco León', 3, NULL, NULL),
(192, 'Frontera Comalapa', 3, NULL, NULL),
(193, 'Frontera Hidalgo', 3, NULL, NULL),
(194, 'La Grandeza', 3, NULL, NULL),
(195, 'Huehuetán', 3, NULL, NULL),
(196, 'Huixtán', 3, NULL, NULL),
(197, 'Huitiupán', 3, NULL, NULL),
(198, 'Huixtla', 3, NULL, NULL),
(199, 'La Independencia', 3, NULL, NULL),
(200, 'Ixhuatán', 3, NULL, NULL),
(201, 'Ixtacomitán', 3, NULL, NULL),
(202, 'Ixtapa', 3, NULL, NULL),
(203, 'Ixtapangajoya', 3, NULL, NULL),
(204, 'Jiquipilas', 3, NULL, NULL),
(205, 'Jitotol', 3, NULL, NULL),
(206, 'Juárez', 3, NULL, NULL),
(207, 'Larráinzar', 3, NULL, NULL),
(208, 'La Libertad', 3, NULL, NULL),
(209, 'Mapastepec', 3, NULL, NULL),
(210, 'Las Margaritas', 3, NULL, NULL),
(211, 'Mazapa de Madero', 3, NULL, NULL),
(212, 'Mazatán', 3, NULL, NULL),
(213, 'Metapa', 3, NULL, NULL),
(214, 'Mitontic', 3, NULL, NULL),
(215, 'Motozintla', 3, NULL, NULL),
(216, 'Nicolás Ruíz', 3, NULL, NULL),
(217, 'Ocosingo', 3, NULL, NULL),
(218, 'Ocotepec', 3, NULL, NULL),
(219, 'Ocozocoautla de Espinosa', 3, NULL, NULL),
(220, 'Ostuacán', 3, NULL, NULL),
(221, 'Osumacinta', 3, NULL, NULL),
(222, 'Oxchuc', 3, NULL, NULL),
(223, 'Palenque', 3, NULL, NULL),
(224, 'Pantelhó', 3, NULL, NULL),
(225, 'Pantepec', 3, NULL, NULL),
(226, 'Pichucalco', 3, NULL, NULL),
(227, 'Pijijiapan', 3, NULL, NULL),
(228, 'El Porvenir', 3, NULL, NULL),
(229, 'Villa Comaltitlán', 3, NULL, NULL),
(230, 'Pueblo Nuevo Solistahuacán', 3, NULL, NULL),
(231, 'Rayón', 3, NULL, NULL),
(232, 'Reforma', 3, NULL, NULL),
(233, 'Las Rosas', 3, NULL, NULL),
(234, 'Sabanilla', 3, NULL, NULL),
(235, 'Salto de Agua', 3, NULL, NULL),
(236, 'San Cristóbal de las Casas', 3, NULL, NULL),
(237, 'San Fernando', 3, NULL, NULL),
(238, 'Siltepec', 3, NULL, NULL),
(239, 'Simojovel', 3, NULL, NULL),
(240, 'Sitalá', 3, NULL, NULL),
(241, 'Socoltenango', 3, NULL, NULL),
(242, 'Solosuchiapa', 3, NULL, NULL),
(243, 'Soyaló', 3, NULL, NULL),
(244, 'Suchiapa', 3, NULL, NULL),
(245, 'Suchiate', 3, NULL, NULL),
(246, 'Sunuapa', 3, NULL, NULL),
(247, 'Tapachula', 3, NULL, NULL),
(248, 'Tapalapa', 3, NULL, NULL),
(249, 'Tapilula', 3, NULL, NULL),
(250, 'Tecpatán', 3, NULL, NULL),
(251, 'Tenejapa', 3, NULL, NULL),
(252, 'Teopisca', 3, NULL, NULL),
(253, 'Tila', 3, NULL, NULL),
(254, 'Tonalá', 3, NULL, NULL),
(255, 'Totolapa', 3, NULL, NULL),
(256, 'La Trinitaria', 3, NULL, NULL),
(257, 'Tumbalá', 3, NULL, NULL),
(258, 'Tuxtla Gutiérrez', 3, NULL, NULL),
(259, 'Tuxtla Chico', 3, NULL, NULL),
(260, 'Tuzantán', 3, NULL, NULL),
(261, 'Tzimol', 3, NULL, NULL),
(262, 'Unión Juárez', 3, NULL, NULL),
(263, 'Venustiano Carranza', 3, NULL, NULL),
(264, 'Villa Corzo', 3, NULL, NULL),
(265, 'Villaflores', 3, NULL, NULL),
(266, 'Yajalón', 3, NULL, NULL),
(267, 'San Lucas', 3, NULL, NULL),
(268, 'Zinacantán', 3, NULL, NULL),
(269, 'San Juan Cancuc', 3, NULL, NULL),
(270, 'Aldama', 3, NULL, NULL),
(271, 'Benemérito de las Américas', 3, NULL, NULL),
(272, 'Maravilla Tenejapa', 3, NULL, NULL),
(273, 'Marqués de Comillas', 3, NULL, NULL),
(274, 'Montecristo de Guerrero', 3, NULL, NULL),
(275, 'San Andrés Duraznal', 3, NULL, NULL),
(276, 'Santiago el Pinar', 3, NULL, NULL),
(277, 'Capitán Luis Ángel Vidal', 3, NULL, NULL),
(278, 'Rincón Chamula San Pedro', 3, NULL, NULL),
(279, 'El Parral', 3, NULL, NULL),
(280, 'Emiliano Zapata', 3, NULL, NULL),
(281, 'Mezcalapa', 3, NULL, NULL),
(282, 'Honduras de la Sierra', 3, NULL, NULL),
(283, 'Balancán', 4, NULL, NULL),
(284, 'Cárdenas', 4, NULL, NULL),
(285, 'Centla', 4, NULL, NULL),
(286, 'Centro', 4, NULL, NULL),
(287, 'Comalcalco', 4, NULL, NULL),
(288, 'Cunduacán', 4, NULL, NULL),
(289, 'Emiliano Zapata', 4, NULL, NULL),
(290, 'Huimanguillo', 4, NULL, NULL),
(291, 'Jalapa', 4, NULL, NULL),
(292, 'Jalpa de Méndez', 4, NULL, NULL),
(293, 'Jonuta', 4, NULL, NULL),
(294, 'Macuspana', 4, NULL, NULL),
(295, 'Nacajuca', 4, NULL, NULL),
(296, 'Paraíso', 4, NULL, NULL),
(297, 'Tacotalpa', 4, NULL, NULL),
(298, 'Teapa', 4, NULL, NULL),
(299, 'Tenosique', 4, NULL, NULL),
(300, 'Calkiní', 5, NULL, NULL),
(301, 'Campeche', 5, NULL, NULL),
(302, 'Carmen', 5, NULL, NULL),
(303, 'Champotón', 5, NULL, NULL),
(304, 'Hecelchakán', 5, NULL, NULL),
(305, 'Hopelchén', 5, NULL, NULL),
(306, 'Palizada', 5, NULL, NULL),
(307, 'Tenabo', 5, NULL, NULL),
(308, 'Escárcega', 5, NULL, NULL),
(309, 'Calakmul', 5, NULL, NULL),
(310, 'Candelaria', 5, NULL, NULL),
(311, 'Seybaplaya', 5, NULL, NULL),
(312, 'Dzitbalché', 5, NULL, NULL),
(313, 'Cancún', 7, NULL, NULL),
(314, 'Cozumel', 7, NULL, NULL),
(315, 'Felipe Carrillo Puerto', 7, NULL, NULL),
(316, 'Isla Mujeres', 7, NULL, NULL),
(317, 'Othón P. Blanco', 7, NULL, NULL),
(318, 'Benito Juárez', 7, NULL, NULL),
(319, 'José María Morelos', 7, NULL, NULL),
(320, 'Lázaro Cárdenas', 7, NULL, NULL),
(321, 'Solidaridad', 7, NULL, NULL),
(322, 'Tulum', 7, NULL, NULL),
(323, 'Bacalar', 7, NULL, NULL),
(324, 'Puerto Morelos', 7, NULL, NULL),
(325, 'Acajete', 8, NULL, NULL),
(326, 'Acatlán', 8, NULL, NULL),
(327, 'Acayucan', 8, NULL, NULL),
(328, 'Actopan', 8, NULL, NULL),
(329, 'Acula', 8, NULL, NULL),
(330, 'Acultzingo', 8, NULL, NULL),
(331, 'Camarón de Tejeda', 8, NULL, NULL),
(332, 'Alpatláhuac', 8, NULL, NULL),
(333, 'Alto Lucero de Gutiérrez Barrios', 8, NULL, NULL),
(334, 'Altotonga', 8, NULL, NULL),
(335, 'Alvarado', 8, NULL, NULL),
(336, 'Amatitlán', 8, NULL, NULL),
(337, 'Naranjos Amatlán', 8, NULL, NULL),
(338, 'Amatlán de los Reyes', 8, NULL, NULL),
(339, 'Angel R. Cabada', 8, NULL, NULL),
(340, 'La Antigua', 8, NULL, NULL),
(341, 'Apazapan', 8, NULL, NULL),
(342, 'Aquila', 8, NULL, NULL),
(343, 'Astacinga', 8, NULL, NULL),
(344, 'Atlahuilco', 8, NULL, NULL),
(345, 'Atoyac', 8, NULL, NULL),
(346, 'Atzacan', 8, NULL, NULL),
(347, 'Atzalan', 8, NULL, NULL),
(348, 'Tlaltetela', 8, NULL, NULL),
(349, 'Ayahualulco', 8, NULL, NULL),
(350, 'Banderilla', 8, NULL, NULL),
(351, 'Benito Juárez', 8, NULL, NULL),
(352, 'Boca del Río', 8, NULL, NULL),
(353, 'Calcahualco', 8, NULL, NULL),
(354, 'Camerino Z. Mendoza', 8, NULL, NULL),
(355, 'Carrillo Puerto', 8, NULL, NULL),
(356, 'Catemaco', 8, NULL, NULL),
(357, 'Cazones de Herrera', 8, NULL, NULL),
(358, 'Cerro Azul', 8, NULL, NULL),
(359, 'Citlaltépetl', 8, NULL, NULL),
(360, 'Coacoatzintla', 8, NULL, NULL),
(361, 'Coahuitlán', 8, NULL, NULL),
(362, 'Coatepec', 8, NULL, NULL),
(363, 'Coatzacoalcos', 8, NULL, NULL),
(364, 'Coatzintla', 8, NULL, NULL),
(365, 'Coetzala', 8, NULL, NULL),
(366, 'Colipa', 8, NULL, NULL),
(367, 'Comapa', 8, NULL, NULL),
(368, 'Córdoba', 8, NULL, NULL),
(369, 'Cosamaloapan de Carpio', 8, NULL, NULL),
(370, 'Cosautlán de Carvajal', 8, NULL, NULL),
(371, 'Coscomatepec', 8, NULL, NULL),
(372, 'Cosoleacaque', 8, NULL, NULL),
(373, 'Cotaxtla', 8, NULL, NULL),
(374, 'Coxquihui', 8, NULL, NULL),
(375, 'Coyutla', 8, NULL, NULL),
(376, 'Cuichapa', 8, NULL, NULL),
(377, 'Cuitláhuac', 8, NULL, NULL),
(378, 'Chacaltianguis', 8, NULL, NULL),
(379, 'Chalma', 8, NULL, NULL),
(380, 'Chiconamel', 8, NULL, NULL),
(381, 'Chiconquiaco', 8, NULL, NULL),
(382, 'Chicontepec', 8, NULL, NULL),
(383, 'Chinameca', 8, NULL, NULL),
(384, 'Chinampa de Gorostiza', 8, NULL, NULL),
(385, 'Las Choapas', 8, NULL, NULL),
(386, 'Chocamán', 8, NULL, NULL),
(387, 'Chontla', 8, NULL, NULL),
(388, 'Chumatlán', 8, NULL, NULL),
(389, 'Emiliano Zapata', 8, NULL, NULL),
(390, 'Espinal', 8, NULL, NULL),
(391, 'Filomeno Mata', 8, NULL, NULL),
(392, 'Fortín', 8, NULL, NULL),
(393, 'Gutiérrez Zamora', 8, NULL, NULL),
(394, 'Hidalgotitlán', 8, NULL, NULL),
(395, 'Huatusco', 8, NULL, NULL),
(396, 'Huayacocotla', 8, NULL, NULL),
(397, 'Hueyapan de Ocampo', 8, NULL, NULL),
(398, 'Huiloapan de Cuauhtémoc', 8, NULL, NULL),
(399, 'Ignacio de la Llave', 8, NULL, NULL),
(400, 'Ilamatlán', 8, NULL, NULL),
(401, 'Isla', 8, NULL, NULL),
(402, 'Ixcatepec', 8, NULL, NULL),
(403, 'Ixhuacán de los Reyes', 8, NULL, NULL),
(404, 'Ixhuatlán del Café', 8, NULL, NULL),
(405, 'Ixhuatlancillo', 8, NULL, NULL),
(406, 'Ixhuatlán del Sureste', 8, NULL, NULL),
(407, 'Ixhuatlán de Madero', 8, NULL, NULL),
(408, 'Ixmatlahuacan', 8, NULL, NULL),
(409, 'Ixtaczoquitlán', 8, NULL, NULL),
(410, 'Jalacingo', 8, NULL, NULL),
(411, 'Xalapa', 8, NULL, NULL),
(412, 'Jalcomulco', 8, NULL, NULL),
(413, 'Jáltipan', 8, NULL, NULL),
(414, 'Jamapa', 8, NULL, NULL),
(415, 'Jesús Carranza', 8, NULL, NULL),
(416, 'Xico', 8, NULL, NULL),
(417, 'Jilotepec', 8, NULL, NULL),
(418, 'Juan Rodríguez Clara', 8, NULL, NULL),
(419, 'Juchique de Ferrer', 8, NULL, NULL),
(420, 'Landero y Coss', 8, NULL, NULL),
(421, 'Lerdo de Tejada', 8, NULL, NULL),
(422, 'Magdalena', 8, NULL, NULL),
(423, 'Maltrata', 8, NULL, NULL),
(424, 'Manlio Fabio Altamirano', 8, NULL, NULL),
(425, 'Mariano Escobedo', 8, NULL, NULL),
(426, 'Martínez de la Torre', 8, NULL, NULL),
(427, 'Mecatlán', 8, NULL, NULL),
(428, 'Mecayapan', 8, NULL, NULL),
(429, 'Medellín de Bravo', 8, NULL, NULL),
(430, 'Miahuatlán', 8, NULL, NULL),
(431, 'Las Minas', 8, NULL, NULL),
(432, 'Minatitlán', 8, NULL, NULL),
(433, 'Misantla', 8, NULL, NULL),
(434, 'Mixtla de Altamirano', 8, NULL, NULL),
(435, 'Moloacán', 8, NULL, NULL),
(436, 'Naolinco', 8, NULL, NULL),
(437, 'Naranjal', 8, NULL, NULL),
(438, 'Nautla', 8, NULL, NULL),
(439, 'Nogales', 8, NULL, NULL),
(440, 'Oluta', 8, NULL, NULL),
(441, 'Omealca', 8, NULL, NULL),
(442, 'Orizaba', 8, NULL, NULL),
(443, 'Otatitlán', 8, NULL, NULL),
(444, 'Oteapan', 8, NULL, NULL),
(445, 'Ozuluama de Mascareñas', 8, NULL, NULL),
(446, 'Pajapan', 8, NULL, NULL),
(447, 'Pánuco', 8, NULL, NULL),
(448, 'Papantla', 8, NULL, NULL),
(449, 'Paso del Macho', 8, NULL, NULL),
(450, 'Paso de Ovejas', 8, NULL, NULL),
(451, 'La Perla', 8, NULL, NULL),
(452, 'Perote', 8, NULL, NULL),
(453, 'Platón Sánchez', 8, NULL, NULL),
(454, 'Playa Vicente', 8, NULL, NULL),
(455, 'Poza Rica de Hidalgo', 8, NULL, NULL),
(456, 'Las Vigas de Ramírez', 8, NULL, NULL),
(457, 'Pueblo Viejo', 8, NULL, NULL),
(458, 'Puente Nacional', 8, NULL, NULL),
(459, 'Rafael Delgado', 8, NULL, NULL),
(460, 'Rafael Lucio', 8, NULL, NULL),
(461, 'Los Reyes', 8, NULL, NULL),
(462, 'Río Blanco', 8, NULL, NULL),
(463, 'Saltabarranca', 8, NULL, NULL),
(464, 'San Andrés Tenejapan', 8, NULL, NULL),
(465, 'San Andrés Tuxtla', 8, NULL, NULL),
(466, 'San Juan Evangelista', 8, NULL, NULL),
(467, 'Santiago Tuxtla', 8, NULL, NULL),
(468, 'Sayula de Alemán', 8, NULL, NULL),
(469, 'Soconusco', 8, NULL, NULL),
(470, 'Sochiapa', 8, NULL, NULL),
(471, 'Soledad Atzompa', 8, NULL, NULL),
(472, 'Soledad de Doblado', 8, NULL, NULL),
(473, 'Soteapan', 8, NULL, NULL),
(474, 'Tamalín', 8, NULL, NULL),
(475, 'Tamiahua', 8, NULL, NULL),
(476, 'Tampico Alto', 8, NULL, NULL),
(477, 'Tancoco', 8, NULL, NULL),
(478, 'Tantima', 8, NULL, NULL),
(479, 'Tantoyuca', 8, NULL, NULL),
(480, 'Tatatila', 8, NULL, NULL),
(481, 'Castillo de Teayo', 8, NULL, NULL),
(482, 'Tecolutla', 8, NULL, NULL),
(483, 'Tehuipango', 8, NULL, NULL),
(484, 'Álamo Temapache', 8, NULL, NULL),
(485, 'Tempoal', 8, NULL, NULL),
(486, 'Tenampa', 8, NULL, NULL),
(487, 'Tenochtitlán', 8, NULL, NULL),
(488, 'Teocelo', 8, NULL, NULL),
(489, 'Tepatlaxco', 8, NULL, NULL),
(490, 'Tepetlán', 8, NULL, NULL),
(491, 'Tepetzintla', 8, NULL, NULL),
(492, 'Tequila', 8, NULL, NULL),
(493, 'José Azueta', 8, NULL, NULL),
(494, 'Texcatepec', 8, NULL, NULL),
(495, 'Texhuacán', 8, NULL, NULL),
(496, 'Texistepec', 8, NULL, NULL),
(497, 'Tezonapa', 8, NULL, NULL),
(498, 'Tierra Blanca', 8, NULL, NULL),
(499, 'Tihuatlán', 8, NULL, NULL),
(500, 'Tlacojalpan', 8, NULL, NULL),
(501, 'Tlacolulan', 8, NULL, NULL),
(502, 'Tlacotalpan', 8, NULL, NULL),
(503, 'Tlacotepec de Mejía', 8, NULL, NULL),
(504, 'Tlachichilco', 8, NULL, NULL),
(505, 'Tlalixcoyan', 8, NULL, NULL),
(506, 'Tlalnelhuayocan', 8, NULL, NULL),
(507, 'Tlapacoyan', 8, NULL, NULL),
(508, 'Tlaquilpa', 8, NULL, NULL),
(509, 'Tlilapan', 8, NULL, NULL),
(510, 'Tomatlán', 8, NULL, NULL),
(511, 'Tonayán', 8, NULL, NULL),
(512, 'Totutla', 8, NULL, NULL),
(513, 'Tuxpan', 8, NULL, NULL),
(514, 'Tuxtilla', 8, NULL, NULL),
(515, 'Ursulo Galván', 8, NULL, NULL),
(516, 'Vega de Alatorre', 8, NULL, NULL),
(517, 'Veracruz', 8, NULL, NULL),
(518, 'Villa Aldama', 8, NULL, NULL),
(519, 'Xoxocotla', 8, NULL, NULL),
(520, 'Yanga', 8, NULL, NULL),
(521, 'Yecuatla', 8, NULL, NULL),
(522, 'Zacualpan', 8, NULL, NULL),
(523, 'Zaragoza', 8, NULL, NULL),
(524, 'Zentla', 8, NULL, NULL),
(525, 'Zongolica', 8, NULL, NULL),
(526, 'Zontecomatlán de López y Fuentes', 8, NULL, NULL),
(527, 'Zozocolco de Hidalgo', 8, NULL, NULL),
(528, 'Agua Dulce', 8, NULL, NULL),
(529, 'El Higo', 8, NULL, NULL),
(530, 'Nanchital de Lázaro Cárdenas del Río', 8, NULL, NULL),
(531, 'Tres Valles', 8, NULL, NULL),
(532, 'Carlos A. Carrillo', 8, NULL, NULL),
(533, 'Tatahuicapan de Juárez', 8, NULL, NULL),
(534, 'Uxpanapa', 8, NULL, NULL),
(535, 'San Rafael', 8, NULL, NULL),
(536, 'Santiago Sochiapan', 8, NULL, NULL),
(537, 'Acajete', 9, NULL, NULL),
(538, 'Acateno', 9, NULL, NULL),
(539, 'Acatlán', 9, NULL, NULL),
(540, 'Acatzingo', 9, NULL, NULL),
(541, 'Acteopan', 9, NULL, NULL),
(542, 'Ahuacatlán', 9, NULL, NULL),
(543, 'Ahuatlán', 9, NULL, NULL),
(544, 'Ahuazotepec', 9, NULL, NULL),
(545, 'Ahuehuetitla', 9, NULL, NULL),
(546, 'Ajalpan', 9, NULL, NULL),
(547, 'Albino Zertuche', 9, NULL, NULL),
(548, 'Aljojuca', 9, NULL, NULL),
(549, 'Altepexi', 9, NULL, NULL),
(550, 'Amixtlán', 9, NULL, NULL),
(551, 'Amozoc', 9, NULL, NULL),
(552, 'Aquixtla', 9, NULL, NULL),
(553, 'Atempan', 9, NULL, NULL),
(554, 'Atexcal', 9, NULL, NULL),
(555, 'Atlixco', 9, NULL, NULL),
(556, 'Atoyatempan', 9, NULL, NULL),
(557, 'Atzala', 9, NULL, NULL),
(558, 'Atzitzihuacán', 9, NULL, NULL),
(559, 'Atzitzintla', 9, NULL, NULL),
(560, 'Axutla', 9, NULL, NULL),
(561, 'Ayotoxco de Guerrero', 9, NULL, NULL),
(562, 'Calpan', 9, NULL, NULL),
(563, 'Caltepec', 9, NULL, NULL),
(564, 'Camocuautla', 9, NULL, NULL),
(565, 'Caxhuacan', 9, NULL, NULL),
(566, 'Coatepec', 9, NULL, NULL),
(567, 'Coatzingo', 9, NULL, NULL),
(568, 'Cohetzala', 9, NULL, NULL),
(569, 'Cohuecan', 9, NULL, NULL),
(570, 'Coronango', 9, NULL, NULL),
(571, 'Coxcatlán', 9, NULL, NULL),
(572, 'Coyomeapan', 9, NULL, NULL),
(573, 'Coyotepec', 9, NULL, NULL),
(574, 'Cuapiaxtla de Madero', 9, NULL, NULL),
(575, 'Cuautempan', 9, NULL, NULL),
(576, 'Cuautinchán', 9, NULL, NULL),
(577, 'Cuautlancingo', 9, NULL, NULL),
(578, 'Cuayuca de Andrade', 9, NULL, NULL),
(579, 'Cuetzalan del Progreso', 9, NULL, NULL),
(580, 'Cuyoaco', 9, NULL, NULL),
(581, 'Chalchicomula de Sesma', 9, NULL, NULL),
(582, 'Chapulco', 9, NULL, NULL),
(583, 'Chiautla', 9, NULL, NULL),
(584, 'Chiautzingo', 9, NULL, NULL),
(585, 'Chiconcuautla', 9, NULL, NULL),
(586, 'Chichiquila', 9, NULL, NULL),
(587, 'Chietla', 9, NULL, NULL),
(588, 'Chigmecatitlán', 9, NULL, NULL),
(589, 'Chignahuapan', 9, NULL, NULL),
(590, 'Chignautla', 9, NULL, NULL),
(591, 'Chila', 9, NULL, NULL),
(592, 'Chila de la Sal', 9, NULL, NULL),
(593, 'Honey', 9, NULL, NULL),
(594, 'Chilchotla', 9, NULL, NULL),
(595, 'Chinantla', 9, NULL, NULL),
(596, 'Domingo Arenas', 9, NULL, NULL),
(597, 'Eloxochitlán', 9, NULL, NULL),
(598, 'Epatlán', 9, NULL, NULL),
(599, 'Esperanza', 9, NULL, NULL),
(600, 'Francisco Z. Mena', 9, NULL, NULL),
(601, 'General Felipe Ángeles', 9, NULL, NULL),
(602, 'Guadalupe', 9, NULL, NULL),
(603, 'Guadalupe Victoria', 9, NULL, NULL),
(604, 'Hermenegildo Galeana', 9, NULL, NULL),
(605, 'Huaquechula', 9, NULL, NULL),
(606, 'Huatlatlauca', 9, NULL, NULL),
(607, 'Huauchinango', 9, NULL, NULL),
(608, 'Huehuetla', 9, NULL, NULL),
(609, 'Huehuetlán el Chico', 9, NULL, NULL),
(610, 'Huejotzingo', 9, NULL, NULL),
(611, 'Hueyapan', 9, NULL, NULL),
(612, 'Hueytamalco', 9, NULL, NULL),
(613, 'Hueytlalpan', 9, NULL, NULL),
(614, 'Huitzilan de Serdán', 9, NULL, NULL),
(615, 'Huitziltepec', 9, NULL, NULL),
(616, 'Atlequizayan', 9, NULL, NULL),
(617, 'Ixcamilpa de Guerrero', 9, NULL, NULL),
(618, 'Ixcaquixtla', 9, NULL, NULL),
(619, 'Ixtacamaxtitlán', 9, NULL, NULL),
(620, 'Ixtepec', 9, NULL, NULL),
(621, 'Izúcar de Matamoros', 9, NULL, NULL),
(622, 'Jalpan', 9, NULL, NULL),
(623, 'Jolalpan', 9, NULL, NULL),
(624, 'Jonotla', 9, NULL, NULL),
(625, 'Jopala', 9, NULL, NULL),
(626, 'Juan C. Bonilla', 9, NULL, NULL),
(627, 'Juan Galindo', 9, NULL, NULL),
(628, 'Juan N. Méndez', 9, NULL, NULL),
(629, 'Lafragua', 9, NULL, NULL),
(630, 'Libres', 9, NULL, NULL),
(631, 'La Magdalena Tlatlauquitepec', 9, NULL, NULL),
(632, 'Mazapiltepec de Juárez', 9, NULL, NULL),
(633, 'Mixtla', 9, NULL, NULL),
(634, 'Molcaxac', 9, NULL, NULL),
(635, 'Cañada Morelos', 9, NULL, NULL),
(636, 'Naupan', 9, NULL, NULL),
(637, 'Nauzontla', 9, NULL, NULL),
(638, 'Nealtican', 9, NULL, NULL),
(639, 'Nicolás Bravo', 9, NULL, NULL),
(640, 'Nopalucan', 9, NULL, NULL),
(641, 'Ocotepec', 9, NULL, NULL),
(642, 'Ocoyucan', 9, NULL, NULL),
(643, 'Olintla', 9, NULL, NULL),
(644, 'Oriental', 9, NULL, NULL),
(645, 'Pahuatlán', 9, NULL, NULL),
(646, 'Palmar de Bravo', 9, NULL, NULL),
(647, 'Pantepec', 9, NULL, NULL),
(648, 'Petlalcingo', 9, NULL, NULL),
(649, 'Piaxtla', 9, NULL, NULL),
(650, 'Puebla', 9, NULL, NULL),
(651, 'Quecholac', 9, NULL, NULL),
(652, 'Quimixtlán', 9, NULL, NULL),
(653, 'Rafael Lara Grajales', 9, NULL, NULL),
(654, 'Los Reyes de Juárez', 9, NULL, NULL),
(655, 'San Andrés Cholula', 9, NULL, NULL),
(656, 'San Antonio Cañada', 9, NULL, NULL),
(657, 'San Diego la Mesa Tochimiltzingo', 9, NULL, NULL),
(658, 'San Felipe Teotlalcingo', 9, NULL, NULL),
(659, 'San Felipe Tepatlán', 9, NULL, NULL),
(660, 'San Gabriel Chilac', 9, NULL, NULL),
(661, 'San Gregorio Atzompa', 9, NULL, NULL),
(662, 'San Jerónimo Tecuanipan', 9, NULL, NULL),
(663, 'San Jerónimo Xayacatlán', 9, NULL, NULL),
(664, 'San José Chiapa', 9, NULL, NULL),
(665, 'San José Miahuatlán', 9, NULL, NULL),
(666, 'San Juan Atenco', 9, NULL, NULL),
(667, 'San Juan Atzompa', 9, NULL, NULL),
(668, 'San Martín Texmelucan', 9, NULL, NULL),
(669, 'San Martín Totoltepec', 9, NULL, NULL),
(670, 'San Matías Tlalancaleca', 9, NULL, NULL),
(671, 'San Miguel Ixitlán', 9, NULL, NULL),
(672, 'San Miguel Xoxtla', 9, NULL, NULL),
(673, 'San Nicolás Buenos Aires', 9, NULL, NULL),
(674, 'San Nicolás de los Ranchos', 9, NULL, NULL),
(675, 'San Pablo Anicano', 9, NULL, NULL),
(676, 'San Pedro Cholula', 9, NULL, NULL),
(677, 'San Pedro Yeloixtlahuaca', 9, NULL, NULL),
(678, 'San Salvador el Seco', 9, NULL, NULL),
(679, 'San Salvador el Verde', 9, NULL, NULL),
(680, 'San Salvador Huixcolotla', 9, NULL, NULL),
(681, 'San Sebastián Tlacotepec', 9, NULL, NULL),
(682, 'Santa Catarina Tlaltempan', 9, NULL, NULL),
(683, 'Santa Inés Ahuatempan', 9, NULL, NULL),
(684, 'Santa Isabel Cholula', 9, NULL, NULL),
(685, 'Santiago Miahuatlán', 9, NULL, NULL),
(686, 'Huehuetlán el Grande', 9, NULL, NULL),
(687, 'Santo Tomás Hueyotlipan', 9, NULL, NULL),
(688, 'Soltepec', 9, NULL, NULL),
(689, 'Tecali de Herrera', 9, NULL, NULL),
(690, 'Tecamachalco', 9, NULL, NULL),
(691, 'Tecomatlán', 9, NULL, NULL),
(692, 'Tehuacán', 9, NULL, NULL),
(693, 'Tehuitzingo', 9, NULL, NULL),
(694, 'Tenampulco', 9, NULL, NULL),
(695, 'Teopantlán', 9, NULL, NULL),
(696, 'Teotlalco', 9, NULL, NULL),
(697, 'Tepanco de López', 9, NULL, NULL),
(698, 'Tepango de Rodríguez', 9, NULL, NULL),
(699, 'Tepatlaxco de Hidalgo', 9, NULL, NULL),
(700, 'Tepeaca', 9, NULL, NULL),
(701, 'Tepemaxalco', 9, NULL, NULL),
(702, 'Tepeojuma', 9, NULL, NULL),
(703, 'Tepetzintla', 9, NULL, NULL),
(704, 'Tepexco', 9, NULL, NULL),
(705, 'Tepexi de Rodríguez', 9, NULL, NULL),
(706, 'Tepeyahualco', 9, NULL, NULL),
(707, 'Tepeyahualco de Cuauhtémoc', 9, NULL, NULL),
(708, 'Tetela de Ocampo', 9, NULL, NULL),
(709, 'Teteles de Ávila Castillo', 9, NULL, NULL),
(710, 'Teziutlán', 9, NULL, NULL),
(711, 'Tianguismanalco', 9, NULL, NULL),
(712, 'Tilapa', 9, NULL, NULL),
(713, 'Tlacotepec de Benito Juárez', 9, NULL, NULL),
(714, 'Tlacuilotepec', 9, NULL, NULL),
(715, 'Tlachichuca', 9, NULL, NULL),
(716, 'Tlahuapan', 9, NULL, NULL),
(717, 'Tlaltenango', 9, NULL, NULL),
(718, 'Tlanepantla', 9, NULL, NULL),
(719, 'Tlaola', 9, NULL, NULL),
(720, 'Tlapacoya', 9, NULL, NULL),
(721, 'Tlapanalá', 9, NULL, NULL),
(722, 'Tlatlauquitepec', 9, NULL, NULL),
(723, 'Tlaxco', 9, NULL, NULL),
(724, 'Tochimilco', 9, NULL, NULL),
(725, 'Tochtepec', 9, NULL, NULL),
(726, 'Totoltepec de Guerrero', 9, NULL, NULL),
(727, 'Tulcingo', 9, NULL, NULL),
(728, 'Tuzamapan de Galeana', 9, NULL, NULL),
(729, 'Tzicatlacoyan', 9, NULL, NULL),
(730, 'Venustiano Carranza', 9, NULL, NULL),
(731, 'Vicente Guerrero', 9, NULL, NULL),
(732, 'Xayacatlán de Bravo', 9, NULL, NULL),
(733, 'Xicotepec', 9, NULL, NULL),
(734, 'Xicotlán', 9, NULL, NULL),
(735, 'Xiutetelco', 9, NULL, NULL),
(736, 'Xochiapulco', 9, NULL, NULL),
(737, 'Xochiltepec', 9, NULL, NULL),
(738, 'Xochitlán de Vicente Suárez', 9, NULL, NULL),
(739, 'Xochitlán Todos Santos', 9, NULL, NULL),
(740, 'Yaonáhuac', 9, NULL, NULL),
(741, 'Yehualtepec', 9, NULL, NULL),
(742, 'Zacapala', 9, NULL, NULL),
(743, 'Zacapoaxtla', 9, NULL, NULL),
(744, 'Zacatlán', 9, NULL, NULL),
(745, 'Zapotitlán', 9, NULL, NULL),
(746, 'Zapotitlán de Méndez', 9, NULL, NULL),
(747, 'Zaragoza', 9, NULL, NULL),
(748, 'Zautla', 9, NULL, NULL),
(749, 'Zihuateutla', 9, NULL, NULL),
(750, 'Zinacatepec', 9, NULL, NULL),
(751, 'Zongozotla', 9, NULL, NULL),
(752, 'Zoquiapan', 9, NULL, NULL),
(753, 'Zoquitlán', 9, NULL, NULL),
(754, 'Amaxac de Guerrero', 10, NULL, NULL),
(755, 'Apetatitlán de Antonio Carvajal', 10, NULL, NULL),
(756, 'Atlangatepec', 10, NULL, NULL),
(757, 'Atltzayanca', 10, NULL, NULL),
(758, 'Apizaco', 10, NULL, NULL),
(759, 'Calpulalpan', 10, NULL, NULL),
(760, 'El Carmen Tequexquitla', 10, NULL, NULL),
(761, 'Cuapiaxtla', 10, NULL, NULL),
(762, 'Cuaxomulco', 10, NULL, NULL),
(763, 'Chiautempan', 10, NULL, NULL),
(764, 'Muñoz de Domingo Arenas', 10, NULL, NULL),
(765, 'Españita', 10, NULL, NULL),
(766, 'Huamantla', 10, NULL, NULL),
(767, 'Hueyotlipan', 10, NULL, NULL),
(768, 'Ixtacuixtla de Mariano Matamoros', 10, NULL, NULL),
(769, 'Ixtenco', 10, NULL, NULL),
(770, 'Mazatecochco de José María Morelos', 10, NULL, NULL),
(771, 'Contla de Juan Cuamatzi', 10, NULL, NULL),
(772, 'Tepetitla de Lardizábal', 10, NULL, NULL),
(773, 'Sanctórum de Lázaro Cárdenas', 10, NULL, NULL),
(774, 'Nanacamilpa de Mariano Arista', 10, NULL, NULL),
(775, 'Acuamanala de Miguel Hidalgo', 10, NULL, NULL),
(776, 'Natívitas', 10, NULL, NULL),
(777, 'Panotla', 10, NULL, NULL),
(778, 'San Pablo del Monte', 10, NULL, NULL),
(779, 'Santa Cruz Tlaxcala', 10, NULL, NULL),
(780, 'Tenancingo', 10, NULL, NULL),
(781, 'Teolocholco', 10, NULL, NULL),
(782, 'Tepeyanco', 10, NULL, NULL),
(783, 'Terrenate', 10, NULL, NULL),
(784, 'Tetla de la Solidaridad', 10, NULL, NULL),
(785, 'Tetlatlahuca', 10, NULL, NULL),
(786, 'Tlaxcala', 10, NULL, NULL),
(787, 'Tlaxco', 10, NULL, NULL),
(788, 'Tocatlán', 10, NULL, NULL),
(789, 'Totolac', 10, NULL, NULL),
(790, 'Ziltlaltépec de Trinidad Sánchez Santos', 10, NULL, NULL),
(791, 'Tzompantepec', 10, NULL, NULL),
(792, 'Xaloztoc', 10, NULL, NULL),
(793, 'Xaltocan', 10, NULL, NULL),
(794, 'Papalotla de Xicohténcatl', 10, NULL, NULL),
(795, 'Xicohtzinco', 10, NULL, NULL),
(796, 'Yauhquemehcan', 10, NULL, NULL),
(797, 'Zacatelco', 10, NULL, NULL),
(798, 'Benito Juárez', 10, NULL, NULL),
(799, 'Emiliano Zapata', 10, NULL, NULL),
(800, 'Lázaro Cárdenas', 10, NULL, NULL),
(801, 'La Magdalena Tlaltelulco', 10, NULL, NULL),
(802, 'San Damián Texóloc', 10, NULL, NULL),
(803, 'San Francisco Tetlanohcan', 10, NULL, NULL),
(804, 'San Jerónimo Zacualpan', 10, NULL, NULL),
(805, 'San José Teacalco', 10, NULL, NULL),
(806, 'San Juan Huactzinco', 10, NULL, NULL),
(807, 'San Lorenzo Axocomanitla', 10, NULL, NULL),
(808, 'San Lucas Tecopilco', 10, NULL, NULL),
(809, 'Santa Ana Nopalucan', 10, NULL, NULL),
(810, 'Santa Apolonia Teacalco', 10, NULL, NULL),
(811, 'Santa Catarina Ayometla', 10, NULL, NULL),
(812, 'Santa Cruz Quilehtla', 10, NULL, NULL),
(813, 'Santa Isabel Xiloxoxtla', 10, NULL, NULL),
(814, 'Amacuzac', 11, NULL, NULL),
(815, 'Atlatlahucan', 11, NULL, NULL),
(816, 'Axochiapan', 11, NULL, NULL),
(817, 'Ayala', 11, NULL, NULL),
(818, 'Coatlán del Río', 11, NULL, NULL),
(819, 'Cuautla', 11, NULL, NULL),
(820, 'Cuernavaca', 11, NULL, NULL),
(821, 'Emiliano Zapata', 11, NULL, NULL),
(822, 'Huitzilac', 11, NULL, NULL),
(823, 'Jantetelco', 11, NULL, NULL),
(824, 'Jiutepec', 11, NULL, NULL),
(825, 'Jojutla', 11, NULL, NULL),
(826, 'Jonacatepec de Leandro Valle', 11, NULL, NULL),
(827, 'Mazatepec', 11, NULL, NULL),
(828, 'Miacatlán', 11, NULL, NULL),
(829, 'Ocuituco', 11, NULL, NULL),
(830, 'Puente de Ixtla', 11, NULL, NULL),
(831, 'Temixco', 11, NULL, NULL),
(832, 'Tepalcingo', 11, NULL, NULL),
(833, 'Tepoztlán', 11, NULL, NULL),
(834, 'Tetecala', 11, NULL, NULL),
(835, 'Tetela del Volcán', 11, NULL, NULL),
(836, 'Tlalnepantla', 11, NULL, NULL),
(837, 'Tlaltizapán de Zapata', 11, NULL, NULL),
(838, 'Tlaquiltenango', 11, NULL, NULL),
(839, 'Tlayacapan', 11, NULL, NULL),
(840, 'Totolapan', 11, NULL, NULL),
(841, 'Xochitepec', 11, NULL, NULL),
(842, 'Yautepec', 11, NULL, NULL),
(843, 'Yecapixtla', 11, NULL, NULL),
(844, 'Zacatepec', 11, NULL, NULL),
(845, 'Zacualpan de Amilpas', 11, NULL, NULL),
(846, 'Temoac', 11, NULL, NULL),
(847, 'Coatetelco', 11, NULL, NULL),
(848, 'Xoxocotla', 11, NULL, NULL),
(849, 'Hueyapan', 11, NULL, NULL),
(850, 'Azcapotzalco', 12, NULL, NULL),
(851, 'Coyoacán', 12, NULL, NULL),
(852, 'Cuajimalpa de Morelos', 12, NULL, NULL),
(853, 'Gustavo A. Madero', 12, NULL, NULL),
(854, 'Iztacalco', 12, NULL, NULL),
(855, 'Iztapalapa', 12, NULL, NULL),
(856, 'La Magdalena Contreras', 12, NULL, NULL),
(857, 'Milpa Alta', 12, NULL, NULL),
(858, 'Álvaro Obregón', 12, NULL, NULL),
(859, 'Tláhuac', 12, NULL, NULL),
(860, 'Tlalpan', 12, NULL, NULL),
(861, 'Xochimilco', 12, NULL, NULL),
(862, 'Benito Juárez', 12, NULL, NULL),
(863, 'Cuauhtémoc', 12, NULL, NULL),
(864, 'Miguel Hidalgo', 12, NULL, NULL),
(865, 'Venustiano Carranza', 12, NULL, NULL),
(866, 'Acambay de Ruíz Castañeda', 13, NULL, NULL),
(867, 'Acolman', 13, NULL, NULL),
(868, 'Aculco', 13, NULL, NULL),
(869, 'Almoloya de Alquisiras', 13, NULL, NULL),
(870, 'Almoloya de Juárez', 13, NULL, NULL),
(871, 'Almoloya del Río', 13, NULL, NULL),
(872, 'Amanalco', 13, NULL, NULL),
(873, 'Amatepec', 13, NULL, NULL),
(874, 'Amecameca', 13, NULL, NULL),
(875, 'Apaxco', 13, NULL, NULL),
(876, 'Atenco', 13, NULL, NULL),
(877, 'Atizapán', 13, NULL, NULL),
(878, 'Atizapán de Zaragoza', 13, NULL, NULL),
(879, 'Atlacomulco', 13, NULL, NULL),
(880, 'Atlautla', 13, NULL, NULL),
(881, 'Axapusco', 13, NULL, NULL),
(882, 'Ayapango', 13, NULL, NULL),
(883, 'Calimaya', 13, NULL, NULL),
(884, 'Capulhuac', 13, NULL, NULL),
(885, 'Coacalco de Berriozábal', 13, NULL, NULL),
(886, 'Coatepec Harinas', 13, NULL, NULL),
(887, 'Cocotitlán', 13, NULL, NULL),
(888, 'Coyotepec', 13, NULL, NULL),
(889, 'Cuautitlán', 13, NULL, NULL),
(890, 'Chalco', 13, NULL, NULL),
(891, 'Chapa de Mota', 13, NULL, NULL),
(892, 'Chapultepec', 13, NULL, NULL),
(893, 'Chiautla', 13, NULL, NULL),
(894, 'Chicoloapan', 13, NULL, NULL),
(895, 'Chiconcuac', 13, NULL, NULL),
(896, 'Chimalhuacán', 13, NULL, NULL),
(897, 'Donato Guerra', 13, NULL, NULL),
(898, 'Ecatepec de Morelos', 13, NULL, NULL),
(899, 'Ecatzingo', 13, NULL, NULL),
(900, 'Huehuetoca', 13, NULL, NULL),
(901, 'Hueypoxtla', 13, NULL, NULL),
(902, 'Huixquilucan', 13, NULL, NULL),
(903, 'Isidro Fabela', 13, NULL, NULL),
(904, 'Ixtapaluca', 13, NULL, NULL),
(905, 'Ixtapan de la Sal', 13, NULL, NULL),
(906, 'Ixtapan del Oro', 13, NULL, NULL),
(907, 'Ixtlahuaca', 13, NULL, NULL),
(908, 'Xalatlaco', 13, NULL, NULL),
(909, 'Jaltenco', 13, NULL, NULL),
(910, 'Jilotepec', 13, NULL, NULL),
(911, 'Jilotzingo', 13, NULL, NULL),
(912, 'Jiquipilco', 13, NULL, NULL),
(913, 'Jocotitlán', 13, NULL, NULL),
(914, 'Joquicingo', 13, NULL, NULL),
(915, 'Juchitepec', 13, NULL, NULL),
(916, 'Lerma', 13, NULL, NULL),
(917, 'Malinalco', 13, NULL, NULL),
(918, 'Melchor Ocampo', 13, NULL, NULL),
(919, 'Metepec', 13, NULL, NULL),
(920, 'Mexicaltzingo', 13, NULL, NULL),
(921, 'Morelos', 13, NULL, NULL),
(922, 'Naucalpan de Juárez', 13, NULL, NULL),
(923, 'Nezahualcóyotl', 13, NULL, NULL),
(924, 'Nextlalpan', 13, NULL, NULL),
(925, 'Nicolás Romero', 13, NULL, NULL),
(926, 'Nopaltepec', 13, NULL, NULL),
(927, 'Ocoyoacac', 13, NULL, NULL),
(928, 'Ocuilan', 13, NULL, NULL),
(929, 'El Oro', 13, NULL, NULL),
(930, 'Otumba', 13, NULL, NULL),
(931, 'Otzoloapan', 13, NULL, NULL),
(932, 'Otzolotepec', 13, NULL, NULL),
(933, 'Ozumba', 13, NULL, NULL),
(934, 'Papalotla', 13, NULL, NULL),
(935, 'La Paz', 13, NULL, NULL),
(936, 'Polotitlán', 13, NULL, NULL),
(937, 'Rayón', 13, NULL, NULL),
(938, 'San Antonio la Isla', 13, NULL, NULL),
(939, 'San Felipe del Progreso', 13, NULL, NULL),
(940, 'San Martín de las Pirámides', 13, NULL, NULL),
(941, 'San Mateo Atenco', 13, NULL, NULL),
(942, 'San Simón de Guerrero', 13, NULL, NULL),
(943, 'Santo Tomás', 13, NULL, NULL),
(944, 'Soyaniquilpan de Juárez', 13, NULL, NULL),
(945, 'Sultepec', 13, NULL, NULL),
(946, 'Tecámac', 13, NULL, NULL),
(947, 'Tejupilco', 13, NULL, NULL),
(948, 'Temamatla', 13, NULL, NULL),
(949, 'Temascalapa', 13, NULL, NULL),
(950, 'Temascalcingo', 13, NULL, NULL),
(951, 'Temascaltepec', 13, NULL, NULL),
(952, 'Temoaya', 13, NULL, NULL),
(953, 'Tenancingo', 13, NULL, NULL),
(954, 'Tenango del Aire', 13, NULL, NULL),
(955, 'Tenango del Valle', 13, NULL, NULL),
(956, 'Teoloyucan', 13, NULL, NULL),
(957, 'Teotihuacán', 13, NULL, NULL),
(958, 'Tepetlaoxtoc', 13, NULL, NULL),
(959, 'Tepetlixpa', 13, NULL, NULL),
(960, 'Tepotzotlán', 13, NULL, NULL),
(961, 'Tequixquiac', 13, NULL, NULL),
(962, 'Texcaltitlán', 13, NULL, NULL),
(963, 'Texcalyacac', 13, NULL, NULL),
(964, 'Texcoco', 13, NULL, NULL),
(965, 'Tezoyuca', 13, NULL, NULL),
(966, 'Tianguistenco', 13, NULL, NULL),
(967, 'Timilpan', 13, NULL, NULL),
(968, 'Tlalmanalco', 13, NULL, NULL),
(969, 'Tlalnepantla de Baz', 13, NULL, NULL),
(970, 'Tlatlaya', 13, NULL, NULL),
(971, 'Toluca', 13, NULL, NULL),
(972, 'Tonatico', 13, NULL, NULL),
(973, 'Tultepec', 13, NULL, NULL),
(974, 'Tultitlán', 13, NULL, NULL),
(975, 'Valle de Bravo', 13, NULL, NULL),
(976, 'Villa de Allende', 13, NULL, NULL),
(977, 'Villa del Carbón', 13, NULL, NULL),
(978, 'Villa Guerrero', 13, NULL, NULL),
(979, 'Villa Victoria', 13, NULL, NULL),
(980, 'Xonacatlán', 13, NULL, NULL),
(981, 'Zacazonapan', 13, NULL, NULL),
(982, 'Zacualpan', 13, NULL, NULL),
(983, 'Zinacantepec', 13, NULL, NULL),
(984, 'Zumpahuacán', 13, NULL, NULL),
(985, 'Zumpango', 13, NULL, NULL),
(986, 'Cuautitlán Izcalli', 13, NULL, NULL),
(987, 'Valle de Chalco Solidaridad', 13, NULL, NULL),
(988, 'Luvianos', 13, NULL, NULL),
(989, 'San José del Rincón', 13, NULL, NULL),
(990, 'Tonanitla', 13, NULL, NULL),
(991, 'Acatlán', 14, NULL, NULL),
(992, 'Acaxochitlán', 14, NULL, NULL),
(993, 'Actopan', 14, NULL, NULL),
(994, 'Agua Blanca de Iturbide', 14, NULL, NULL),
(995, 'Ajacuba', 14, NULL, NULL),
(996, 'Alfajayucan', 14, NULL, NULL),
(997, 'Almoloya', 14, NULL, NULL),
(998, 'Apan', 14, NULL, NULL),
(999, 'El Arenal', 14, NULL, NULL),
(1000, 'Atitalaquia', 14, NULL, NULL),
(1001, 'Atlapexco', 14, NULL, NULL),
(1002, 'Atotonilco el Grande', 14, NULL, NULL),
(1003, 'Atotonilco de Tula', 14, NULL, NULL),
(1004, 'Calnali', 14, NULL, NULL),
(1005, 'Cardonal', 14, NULL, NULL),
(1006, 'Cuautepec de Hinojosa', 14, NULL, NULL),
(1007, 'Chapantongo', 14, NULL, NULL),
(1008, 'Chapulhuacán', 14, NULL, NULL),
(1009, 'Chilcuautla', 14, NULL, NULL),
(1010, 'Eloxochitlán', 14, NULL, NULL),
(1011, 'Emiliano Zapata', 14, NULL, NULL),
(1012, 'Epazoyucan', 14, NULL, NULL),
(1013, 'Francisco I. Madero', 14, NULL, NULL),
(1014, 'Huasca de Ocampo', 14, NULL, NULL),
(1015, 'Huautla', 14, NULL, NULL),
(1016, 'Huazalingo', 14, NULL, NULL),
(1017, 'Huehuetla', 14, NULL, NULL),
(1018, 'Huejutla de Reyes', 14, NULL, NULL),
(1019, 'Huichapan', 14, NULL, NULL),
(1020, 'Ixmiquilpan', 14, NULL, NULL),
(1021, 'Jacala de Ledezma', 14, NULL, NULL),
(1022, 'Jaltocán', 14, NULL, NULL),
(1023, 'Juárez Hidalgo', 14, NULL, NULL),
(1024, 'Lolotla', 14, NULL, NULL),
(1025, 'Metepec', 14, NULL, NULL),
(1026, 'San Agustín Metzquititlán', 14, NULL, NULL),
(1027, 'Metztitlán', 14, NULL, NULL),
(1028, 'Mineral del Chico', 14, NULL, NULL),
(1029, 'Mineral del Monte', 14, NULL, NULL),
(1030, 'La Misión', 14, NULL, NULL),
(1031, 'Mixquiahuala de Juárez', 14, NULL, NULL),
(1032, 'Molango de Escamilla', 14, NULL, NULL),
(1033, 'Nicolás Flores', 14, NULL, NULL),
(1034, 'Nopala de Villagrán', 14, NULL, NULL),
(1035, 'Omitlán de Juárez', 14, NULL, NULL),
(1036, 'San Felipe Orizatlán', 14, NULL, NULL),
(1037, 'Pacula', 14, NULL, NULL),
(1038, 'Pachuca de Soto', 14, NULL, NULL),
(1039, 'Pisaflores', 14, NULL, NULL),
(1040, 'Progreso de Obregón', 14, NULL, NULL),
(1041, 'Mineral de la Reforma', 14, NULL, NULL),
(1042, 'San Agustín Tlaxiaca', 14, NULL, NULL),
(1043, 'San Bartolo Tutotepec', 14, NULL, NULL),
(1044, 'San Salvador', 14, NULL, NULL),
(1045, 'Santiago de Anaya', 14, NULL, NULL),
(1046, 'Santiago Tulantepec de Lugo Guerrero', 14, NULL, NULL),
(1047, 'Singuilucan', 14, NULL, NULL),
(1048, 'Tasquillo', 14, NULL, NULL),
(1049, 'Tecozautla', 14, NULL, NULL),
(1050, 'Tenango de Doria', 14, NULL, NULL),
(1051, 'Tepeapulco', 14, NULL, NULL),
(1052, 'Tepehuacán de Guerrero', 14, NULL, NULL),
(1053, 'Tepeji del Río de Ocampo', 14, NULL, NULL),
(1054, 'Tepetitlán', 14, NULL, NULL),
(1055, 'Tetepango', 14, NULL, NULL),
(1056, 'Villa de Tezontepec', 14, NULL, NULL),
(1057, 'Tezontepec de Aldama', 14, NULL, NULL),
(1058, 'Tianguistengo', 14, NULL, NULL),
(1059, 'Tizayuca', 14, NULL, NULL),
(1060, 'Tlahuelilpan', 14, NULL, NULL),
(1061, 'Tlahuiltepa', 14, NULL, NULL),
(1062, 'Tlanalapa', 14, NULL, NULL),
(1063, 'Tlanchinol', 14, NULL, NULL),
(1064, 'Tlaxcoapan', 14, NULL, NULL),
(1065, 'Tolcayuca', 14, NULL, NULL),
(1066, 'Tula de Allende', 14, NULL, NULL),
(1067, 'Tulancingo de Bravo', 14, NULL, NULL),
(1068, 'Xochiatipan', 14, NULL, NULL),
(1069, 'Xochicoatlán', 14, NULL, NULL),
(1070, 'Yahualica', 14, NULL, NULL),
(1071, 'Zacualtipán de Ángeles', 14, NULL, NULL),
(1072, 'Zapotlán de Juárez', 14, NULL, NULL),
(1073, 'Zempoala', 14, NULL, NULL),
(1074, 'Zimapán', 14, NULL, NULL),
(1075, 'Amealco de Bonfil', 15, NULL, NULL),
(1076, 'Pinal de Amoles', 15, NULL, NULL),
(1077, 'Arroyo Seco', 15, NULL, NULL),
(1078, 'Cadereyta de Montes', 15, NULL, NULL),
(1079, 'Colón', 15, NULL, NULL),
(1080, 'Corregidora', 15, NULL, NULL),
(1081, 'Ezequiel Montes', 15, NULL, NULL),
(1082, 'Huimilpan', 15, NULL, NULL),
(1083, 'Jalpan de Serra', 15, NULL, NULL),
(1084, 'Landa de Matamoros', 15, NULL, NULL),
(1085, 'El Marqués', 15, NULL, NULL),
(1086, 'Pedro Escobedo', 15, NULL, NULL),
(1087, 'Peñamiller', 15, NULL, NULL),
(1088, 'Querétaro', 15, NULL, NULL),
(1089, 'San Joaquín', 15, NULL, NULL),
(1090, 'San Juan del Río', 15, NULL, NULL),
(1091, 'Tequisquiapan', 15, NULL, NULL),
(1092, 'Tolimán', 15, NULL, NULL),
(1093, 'Acuitzio', 16, NULL, NULL),
(1094, 'Aguililla', 16, NULL, NULL),
(1095, 'Álvaro Obregón', 16, NULL, NULL),
(1096, 'Angamacutiro', 16, NULL, NULL),
(1097, 'Angangueo', 16, NULL, NULL),
(1098, 'Apatzingán', 16, NULL, NULL),
(1099, 'Aporo', 16, NULL, NULL),
(1100, 'Aquila', 16, NULL, NULL),
(1101, 'Ario', 16, NULL, NULL),
(1102, 'Arteaga', 16, NULL, NULL),
(1103, 'Briseñas', 16, NULL, NULL),
(1104, 'Buenavista', 16, NULL, NULL),
(1105, 'Carácuaro', 16, NULL, NULL),
(1106, 'Coahuayana', 16, NULL, NULL),
(1107, 'Coalcomán de Vázquez Pallares', 16, NULL, NULL),
(1108, 'Coeneo', 16, NULL, NULL),
(1109, 'Contepec', 16, NULL, NULL),
(1110, 'Copándaro', 16, NULL, NULL),
(1111, 'Cotija', 16, NULL, NULL),
(1112, 'Cuitzeo', 16, NULL, NULL),
(1113, 'Charapan', 16, NULL, NULL),
(1114, 'Charo', 16, NULL, NULL),
(1115, 'Chavinda', 16, NULL, NULL),
(1116, 'Cherán', 16, NULL, NULL),
(1117, 'Chilchota', 16, NULL, NULL),
(1118, 'Chinicuila', 16, NULL, NULL),
(1119, 'Chucándiro', 16, NULL, NULL),
(1120, 'Churintzio', 16, NULL, NULL),
(1121, 'Churumuco', 16, NULL, NULL),
(1122, 'Ecuandureo', 16, NULL, NULL),
(1123, 'Epitacio Huerta', 16, NULL, NULL),
(1124, 'Erongarícuaro', 16, NULL, NULL),
(1125, 'Gabriel Zamora', 16, NULL, NULL),
(1126, 'Hidalgo', 16, NULL, NULL),
(1127, 'La Huacana', 16, NULL, NULL),
(1128, 'Huandacareo', 16, NULL, NULL),
(1129, 'Huaniqueo', 16, NULL, NULL),
(1130, 'Huetamo', 16, NULL, NULL),
(1131, 'Huiramba', 16, NULL, NULL),
(1132, 'Indaparapeo', 16, NULL, NULL),
(1133, 'Irimbo', 16, NULL, NULL),
(1134, 'Ixtlán', 16, NULL, NULL),
(1135, 'Jacona', 16, NULL, NULL),
(1136, 'Jiménez', 16, NULL, NULL),
(1137, 'Jiquilpan', 16, NULL, NULL),
(1138, 'Juárez', 16, NULL, NULL),
(1139, 'Jungapeo', 16, NULL, NULL),
(1140, 'Lagunillas', 16, NULL, NULL),
(1141, 'Madero', 16, NULL, NULL),
(1142, 'Maravatío', 16, NULL, NULL),
(1143, 'Marcos Castellanos', 16, NULL, NULL),
(1144, 'Lázaro Cárdenas', 16, NULL, NULL),
(1145, 'Morelia', 16, NULL, NULL),
(1146, 'Morelos', 16, NULL, NULL),
(1147, 'Múgica', 16, NULL, NULL),
(1148, 'Nahuatzen', 16, NULL, NULL),
(1149, 'Nocupétaro', 16, NULL, NULL),
(1150, 'Nuevo Parangaricutiro', 16, NULL, NULL),
(1151, 'Nuevo Urecho', 16, NULL, NULL),
(1152, 'Numarán', 16, NULL, NULL),
(1153, 'Ocampo', 16, NULL, NULL),
(1154, 'Pajacuarán', 16, NULL, NULL),
(1155, 'Panindícuaro', 16, NULL, NULL),
(1156, 'Parácuaro', 16, NULL, NULL),
(1157, 'Paracho', 16, NULL, NULL),
(1158, 'Pátzcuaro', 16, NULL, NULL),
(1159, 'Penjamillo', 16, NULL, NULL),
(1160, 'Peribán', 16, NULL, NULL),
(1161, 'La Piedad', 16, NULL, NULL),
(1162, 'Purépero', 16, NULL, NULL),
(1163, 'Puruándiro', 16, NULL, NULL),
(1164, 'Queréndaro', 16, NULL, NULL),
(1165, 'Quiroga', 16, NULL, NULL),
(1166, 'Cojumatlán de Régules', 16, NULL, NULL),
(1167, 'Los Reyes', 16, NULL, NULL),
(1168, 'Sahuayo', 16, NULL, NULL),
(1169, 'San Lucas', 16, NULL, NULL),
(1170, 'Santa Ana Maya', 16, NULL, NULL),
(1171, 'Salvador Escalante', 16, NULL, NULL),
(1172, 'Senguio', 16, NULL, NULL),
(1173, 'Susupuato', 16, NULL, NULL),
(1174, 'Tacámbaro', 16, NULL, NULL),
(1175, 'Tancítaro', 16, NULL, NULL),
(1176, 'Tangamandapio', 16, NULL, NULL),
(1177, 'Tangancícuaro', 16, NULL, NULL),
(1178, 'Tanhuato', 16, NULL, NULL),
(1179, 'Taretan', 16, NULL, NULL),
(1180, 'Tarímbaro', 16, NULL, NULL),
(1181, 'Tepalcatepec', 16, NULL, NULL),
(1182, 'Tingambato', 16, NULL, NULL),
(1183, 'Tingüindín', 16, NULL, NULL),
(1184, 'Tiquicheo de Nicolás Romero', 16, NULL, NULL),
(1185, 'Tlalpujahua', 16, NULL, NULL),
(1186, 'Tlazazalca', 16, NULL, NULL),
(1187, 'Tocumbo', 16, NULL, NULL),
(1188, 'Tumbiscatío', 16, NULL, NULL),
(1189, 'Turicato', 16, NULL, NULL),
(1190, 'Tuxpan', 16, NULL, NULL),
(1191, 'Tuzantla', 16, NULL, NULL),
(1192, 'Tzintzuntzan', 16, NULL, NULL),
(1193, 'Tzitzio', 16, NULL, NULL),
(1194, 'Uruapan', 16, NULL, NULL),
(1195, 'Venustiano Carranza', 16, NULL, NULL),
(1196, 'Villamar', 16, NULL, NULL),
(1197, 'Vista Hermosa', 16, NULL, NULL),
(1198, 'Yurécuaro', 16, NULL, NULL),
(1199, 'Zacapu', 16, NULL, NULL),
(1200, 'Zamora', 16, NULL, NULL),
(1201, 'Zináparo', 16, NULL, NULL),
(1202, 'Zinapécuaro', 16, NULL, NULL),
(1203, 'Ziracuaretiro', 16, NULL, NULL),
(1204, 'Zitácuaro', 16, NULL, NULL),
(1205, 'José Sixto Verduzco', 16, NULL, NULL),
(1206, 'Abasolo', 17, NULL, NULL),
(1207, 'Acámbaro', 17, NULL, NULL),
(1208, 'San Miguel de Allende', 17, NULL, NULL),
(1209, 'Apaseo el Alto', 17, NULL, NULL),
(1210, 'Apaseo el Grande', 17, NULL, NULL),
(1211, 'Atarjea', 17, NULL, NULL),
(1212, 'Celaya', 17, NULL, NULL),
(1213, 'Manuel Doblado', 17, NULL, NULL),
(1214, 'Comonfort', 17, NULL, NULL),
(1215, 'Coroneo', 17, NULL, NULL),
(1216, 'Cortazar', 17, NULL, NULL),
(1217, 'Cuerámaro', 17, NULL, NULL),
(1218, 'Doctor Mora', 17, NULL, NULL),
(1219, 'Dolores Hidalgo Cuna de la Independencia Nacional', 17, NULL, NULL),
(1220, 'Guanajuato', 17, NULL, NULL),
(1221, 'Huanímaro', 17, NULL, NULL),
(1222, 'Irapuato', 17, NULL, NULL),
(1223, 'Jaral del Progreso', 17, NULL, NULL),
(1224, 'Jerécuaro', 17, NULL, NULL),
(1225, 'León', 17, NULL, NULL),
(1226, 'Moroleón', 17, NULL, NULL),
(1227, 'Ocampo', 17, NULL, NULL),
(1228, 'Pénjamo', 17, NULL, NULL),
(1229, 'Pueblo Nuevo', 17, NULL, NULL),
(1230, 'Purísima del Rincón', 17, NULL, NULL),
(1231, 'Romita', 17, NULL, NULL),
(1232, 'Salamanca', 17, NULL, NULL),
(1233, 'Salvatierra', 17, NULL, NULL),
(1234, 'San Diego de la Unión', 17, NULL, NULL),
(1235, 'San Felipe', 17, NULL, NULL),
(1236, 'San Francisco del Rincón', 17, NULL, NULL),
(1237, 'San José Iturbide', 17, NULL, NULL),
(1238, 'San Luis de la Paz', 17, NULL, NULL),
(1239, 'Santa Catarina', 17, NULL, NULL),
(1240, 'Santa Cruz de Juventino Rosas', 17, NULL, NULL),
(1241, 'Santiago Maravatío', 17, NULL, NULL),
(1242, 'Silao de la Victoria', 17, NULL, NULL),
(1243, 'Tarandacuao', 17, NULL, NULL),
(1244, 'Tarimoro', 17, NULL, NULL),
(1245, 'Tierra Blanca', 17, NULL, NULL),
(1246, 'Uriangato', 17, NULL, NULL),
(1247, 'Valle de Santiago', 17, NULL, NULL),
(1248, 'Victoria', 17, NULL, NULL),
(1249, 'Villagrán', 17, NULL, NULL),
(1250, 'Xichú', 17, NULL, NULL),
(1251, 'Yuriria', 17, NULL, NULL),
(1252, 'Armería', 18, NULL, NULL),
(1253, 'Colima', 18, NULL, NULL),
(1254, 'Comala', 18, NULL, NULL),
(1255, 'Coquimatlán', 18, NULL, NULL),
(1256, 'Cuauhtémoc', 18, NULL, NULL),
(1257, 'Ixtlahuacán', 18, NULL, NULL),
(1258, 'Manzanillo', 18, NULL, NULL),
(1259, 'Minatitlán', 18, NULL, NULL),
(1260, 'Tecomán', 18, NULL, NULL),
(1261, 'Villa de Álvarez', 18, NULL, NULL),
(1262, 'Aguascalientes', 19, NULL, NULL),
(1263, 'Asientos', 19, NULL, NULL),
(1264, 'Calvillo', 19, NULL, NULL),
(1265, 'Cosío', 19, NULL, NULL),
(1266, 'Jesús María', 19, NULL, NULL),
(1267, 'Pabellón de Arteaga', 19, NULL, NULL),
(1268, 'Rincón de Romos', 19, NULL, NULL),
(1269, 'San José de Gracia', 19, NULL, NULL),
(1270, 'Tepezalá', 19, NULL, NULL),
(1271, 'El Llano', 19, NULL, NULL),
(1272, 'San Francisco de los Romo', 19, NULL, NULL),
(1273, 'Acatic', 20, NULL, NULL),
(1274, 'Acatlán de Juárez', 20, NULL, NULL),
(1275, 'Ahualulco de Mercado', 20, NULL, NULL),
(1276, 'Amacueca', 20, NULL, NULL),
(1277, 'Amatitán', 20, NULL, NULL),
(1278, 'Ameca', 20, NULL, NULL),
(1279, 'San Juanito de Escobedo', 20, NULL, NULL),
(1280, 'Arandas', 20, NULL, NULL),
(1281, 'El Arenal', 20, NULL, NULL),
(1282, 'Atemajac de Brizuela', 20, NULL, NULL),
(1283, 'Atengo', 20, NULL, NULL),
(1284, 'Atenguillo', 20, NULL, NULL),
(1285, 'Atotonilco el Alto', 20, NULL, NULL),
(1286, 'Atoyac', 20, NULL, NULL),
(1287, 'Autlán de Navarro', 20, NULL, NULL),
(1288, 'Ayotlán', 20, NULL, NULL),
(1289, 'Ayutla', 20, NULL, NULL),
(1290, 'La Barca', 20, NULL, NULL),
(1291, 'Bolaños', 20, NULL, NULL),
(1292, 'Cabo Corrientes', 20, NULL, NULL),
(1293, 'Casimiro Castillo', 20, NULL, NULL),
(1294, 'Cihuatlán', 20, NULL, NULL),
(1295, 'Zapotlán el Grande', 20, NULL, NULL),
(1296, 'Cocula', 20, NULL, NULL),
(1297, 'Colotlán', 20, NULL, NULL),
(1298, 'Concepción de Buenos Aires', 20, NULL, NULL),
(1299, 'Cuautitlán de García Barragán', 20, NULL, NULL),
(1300, 'Cuautla', 20, NULL, NULL),
(1301, 'Cuquío', 20, NULL, NULL),
(1302, 'Chapala', 20, NULL, NULL),
(1303, 'Chimaltitán', 20, NULL, NULL),
(1304, 'Chiquilistlán', 20, NULL, NULL),
(1305, 'Degollado', 20, NULL, NULL),
(1306, 'Ejutla', 20, NULL, NULL),
(1307, 'Encarnación de Díaz', 20, NULL, NULL),
(1308, 'Etzatlán', 20, NULL, NULL),
(1309, 'El Grullo', 20, NULL, NULL),
(1310, 'Guachinango', 20, NULL, NULL),
(1311, 'Guadalajara', 20, NULL, NULL),
(1312, 'Hostotipaquillo', 20, NULL, NULL),
(1313, 'Huejúcar', 20, NULL, NULL),
(1314, 'Huejuquilla el Alto', 20, NULL, NULL),
(1315, 'La Huerta', 20, NULL, NULL),
(1316, 'Ixtlahuacán de los Membrillos', 20, NULL, NULL),
(1317, 'Ixtlahuacán del Río', 20, NULL, NULL),
(1318, 'Jalostotitlán', 20, NULL, NULL),
(1319, 'Jamay', 20, NULL, NULL),
(1320, 'Jesús María', 20, NULL, NULL),
(1321, 'Jilotlán de los Dolores', 20, NULL, NULL),
(1322, 'Jocotepec', 20, NULL, NULL),
(1323, 'Juanacatlán', 20, NULL, NULL),
(1324, 'Juchitlán', 20, NULL, NULL),
(1325, 'Lagos de Moreno', 20, NULL, NULL),
(1326, 'El Limón', 20, NULL, NULL),
(1327, 'Magdalena', 20, NULL, NULL),
(1328, 'Santa María del Oro', 20, NULL, NULL),
(1329, 'La Manzanilla de la Paz', 20, NULL, NULL),
(1330, 'Mascota', 20, NULL, NULL),
(1331, 'Mazamitla', 20, NULL, NULL),
(1332, 'Mexticacán', 20, NULL, NULL),
(1333, 'Mezquitic', 20, NULL, NULL),
(1334, 'Mixtlán', 20, NULL, NULL),
(1335, 'Ocotlán', 20, NULL, NULL),
(1336, 'Ojuelos de Jalisco', 20, NULL, NULL),
(1337, 'Pihuamo', 20, NULL, NULL),
(1338, 'Poncitlán', 20, NULL, NULL),
(1339, 'Puerto Vallarta', 20, NULL, NULL),
(1340, 'Villa Purificación', 20, NULL, NULL),
(1341, 'Quitupan', 20, NULL, NULL),
(1342, 'El Salto', 20, NULL, NULL),
(1343, 'San Cristóbal de la Barranca', 20, NULL, NULL),
(1344, 'San Diego de Alejandría', 20, NULL, NULL);
INSERT INTO `ciudades` (`id`, `nombre`, `estado_id`, `created_at`, `updated_at`) VALUES
(1345, 'San Juan de los Lagos', 20, NULL, NULL),
(1346, 'San Julián', 20, NULL, NULL),
(1347, 'San Marcos', 20, NULL, NULL),
(1348, 'San Martín de Bolaños', 20, NULL, NULL),
(1349, 'San Martín Hidalgo', 20, NULL, NULL),
(1350, 'San Miguel el Alto', 20, NULL, NULL),
(1351, 'Gómez Farías', 20, NULL, NULL),
(1352, 'San Sebastián del Oeste', 20, NULL, NULL),
(1353, 'Santa María de los Ángeles', 20, NULL, NULL),
(1354, 'Sayula', 20, NULL, NULL),
(1355, 'Tala', 20, NULL, NULL),
(1356, 'Talpa de Allende', 20, NULL, NULL),
(1357, 'Tamazula de Gordiano', 20, NULL, NULL),
(1358, 'Tapalpa', 20, NULL, NULL),
(1359, 'Tecalitlán', 20, NULL, NULL),
(1360, 'Techaluta de Montenegro', 20, NULL, NULL),
(1361, 'Tecolotlán', 20, NULL, NULL),
(1362, 'Tenamaxtlán', 20, NULL, NULL),
(1363, 'Teocaltiche', 20, NULL, NULL),
(1364, 'Teocuitatlán de Corona', 20, NULL, NULL),
(1365, 'Tepatitlán de Morelos', 20, NULL, NULL),
(1366, 'Tequila', 20, NULL, NULL),
(1367, 'Teuchitlán', 20, NULL, NULL),
(1368, 'Tizapán el Alto', 20, NULL, NULL),
(1369, 'Tlajomulco de Zúñiga', 20, NULL, NULL),
(1370, 'San Pedro Tlaquepaque', 20, NULL, NULL),
(1371, 'Tolimán', 20, NULL, NULL),
(1372, 'Tomatlán', 20, NULL, NULL),
(1373, 'Tonalá', 20, NULL, NULL),
(1374, 'Tonaya', 20, NULL, NULL),
(1375, 'Tonila', 20, NULL, NULL),
(1376, 'Totatiche', 20, NULL, NULL),
(1377, 'Tototlán', 20, NULL, NULL),
(1378, 'Tuxcacuesco', 20, NULL, NULL),
(1379, 'Tuxcueca', 20, NULL, NULL),
(1380, 'Tuxpan', 20, NULL, NULL),
(1381, 'Unión de San Antonio', 20, NULL, NULL),
(1382, 'Unión de Tula', 20, NULL, NULL),
(1383, 'Valle de Guadalupe', 20, NULL, NULL),
(1384, 'Valle de Juárez', 20, NULL, NULL),
(1385, 'San Gabriel', 20, NULL, NULL),
(1386, 'Villa Corona', 20, NULL, NULL),
(1387, 'Villa Guerrero', 20, NULL, NULL),
(1388, 'Villa Hidalgo', 20, NULL, NULL),
(1389, 'Cañadas de Obregón', 20, NULL, NULL),
(1390, 'Yahualica de González Gallo', 20, NULL, NULL),
(1391, 'Zacoalco de Torres', 20, NULL, NULL),
(1392, 'Zapopan', 20, NULL, NULL),
(1393, 'Zapotiltic', 20, NULL, NULL),
(1394, 'Zapotitlán de Vadillo', 20, NULL, NULL),
(1395, 'Zapotlán del Rey', 20, NULL, NULL),
(1396, 'Zapotlanejo', 20, NULL, NULL),
(1397, 'San Ignacio Cerro Gordo', 20, NULL, NULL),
(1398, 'Ahualulco', 21, NULL, NULL),
(1399, 'Alaquines', 21, NULL, NULL),
(1400, 'Aquismón', 21, NULL, NULL),
(1401, 'Armadillo de los Infante', 21, NULL, NULL),
(1402, 'Cárdenas', 21, NULL, NULL),
(1403, 'Catorce', 21, NULL, NULL),
(1404, 'Cedral', 21, NULL, NULL),
(1405, 'Cerritos', 21, NULL, NULL),
(1406, 'Cerro de San Pedro', 21, NULL, NULL),
(1407, 'Ciudad del Maíz', 21, NULL, NULL),
(1408, 'Ciudad Fernández', 21, NULL, NULL),
(1409, 'Tancanhuitz', 21, NULL, NULL),
(1410, 'Ciudad Valles', 21, NULL, NULL),
(1411, 'Coxcatlán', 21, NULL, NULL),
(1412, 'Charcas', 21, NULL, NULL),
(1413, 'Ebano', 21, NULL, NULL),
(1414, 'Guadalcázar', 21, NULL, NULL),
(1415, 'Huehuetlán', 21, NULL, NULL),
(1416, 'Lagunillas', 21, NULL, NULL),
(1417, 'Matehuala', 21, NULL, NULL),
(1418, 'Mexquitic de Carmona', 21, NULL, NULL),
(1419, 'Moctezuma', 21, NULL, NULL),
(1420, 'Rayón', 21, NULL, NULL),
(1421, 'Rioverde', 21, NULL, NULL),
(1422, 'Salinas', 21, NULL, NULL),
(1423, 'San Antonio', 21, NULL, NULL),
(1424, 'San Ciro de Acosta', 21, NULL, NULL),
(1425, 'San Luis Potosí', 21, NULL, NULL),
(1426, 'San Martín Chalchicuautla', 21, NULL, NULL),
(1427, 'San Nicolás Tolentino', 21, NULL, NULL),
(1428, 'Santa Catarina', 21, NULL, NULL),
(1429, 'Santa María del Río', 21, NULL, NULL),
(1430, 'Santo Domingo', 21, NULL, NULL),
(1431, 'San Vicente Tancuayalab', 21, NULL, NULL),
(1432, 'Soledad de Graciano Sánchez', 21, NULL, NULL),
(1433, 'Tamasopo', 21, NULL, NULL),
(1434, 'Tamazunchale', 21, NULL, NULL),
(1435, 'Tampacán', 21, NULL, NULL),
(1436, 'Tampamolón Corona', 21, NULL, NULL),
(1437, 'Tamuín', 21, NULL, NULL),
(1438, 'Tanlajás', 21, NULL, NULL),
(1439, 'Tanquián de Escobedo', 21, NULL, NULL),
(1440, 'Tierra Nueva', 21, NULL, NULL),
(1441, 'Vanegas', 21, NULL, NULL),
(1442, 'Venado', 21, NULL, NULL),
(1443, 'Villa de Arriaga', 21, NULL, NULL),
(1444, 'Villa de Guadalupe', 21, NULL, NULL),
(1445, 'Villa de la Paz', 21, NULL, NULL),
(1446, 'Villa de Ramos', 21, NULL, NULL),
(1447, 'Villa de Reyes', 21, NULL, NULL),
(1448, 'Villa Hidalgo', 21, NULL, NULL),
(1449, 'Villa Juárez', 21, NULL, NULL),
(1450, 'Axtla de Terrazas', 21, NULL, NULL),
(1451, 'Xilitla', 21, NULL, NULL),
(1452, 'Zaragoza', 21, NULL, NULL),
(1453, 'Villa de Arista', 21, NULL, NULL),
(1454, 'Matlapa', 21, NULL, NULL),
(1455, 'El Naranjo', 21, NULL, NULL),
(1456, 'Abasolo', 22, NULL, NULL),
(1457, 'Aldama', 22, NULL, NULL),
(1458, 'Altamira', 22, NULL, NULL),
(1459, 'Antiguo Morelos', 22, NULL, NULL),
(1460, 'Burgos', 22, NULL, NULL),
(1461, 'Bustamante', 22, NULL, NULL),
(1462, 'Camargo', 22, NULL, NULL),
(1463, 'Casas', 22, NULL, NULL),
(1464, 'Ciudad Madero', 22, NULL, NULL),
(1465, 'Cruillas', 22, NULL, NULL),
(1466, 'Gómez Farías', 22, NULL, NULL),
(1467, 'González', 22, NULL, NULL),
(1468, 'Güémez', 22, NULL, NULL),
(1469, 'Guerrero', 22, NULL, NULL),
(1470, 'Gustavo Díaz Ordaz', 22, NULL, NULL),
(1471, 'Hidalgo', 22, NULL, NULL),
(1472, 'Jaumave', 22, NULL, NULL),
(1473, 'Jiménez', 22, NULL, NULL),
(1474, 'Llera', 22, NULL, NULL),
(1475, 'Mainero', 22, NULL, NULL),
(1476, 'El Mante', 22, NULL, NULL),
(1477, 'Matamoros', 22, NULL, NULL),
(1478, 'Méndez', 22, NULL, NULL),
(1479, 'Mier', 22, NULL, NULL),
(1480, 'Miguel Alemán', 22, NULL, NULL),
(1481, 'Miquihuana', 22, NULL, NULL),
(1482, 'Nuevo Laredo', 22, NULL, NULL),
(1483, 'Nuevo Morelos', 22, NULL, NULL),
(1484, 'Ocampo', 22, NULL, NULL),
(1485, 'Padilla', 22, NULL, NULL),
(1486, 'Palmillas', 22, NULL, NULL),
(1487, 'Reynosa', 22, NULL, NULL),
(1488, 'Río Bravo', 22, NULL, NULL),
(1489, 'San Carlos', 22, NULL, NULL),
(1490, 'San Fernando', 22, NULL, NULL),
(1491, 'San Nicolás', 22, NULL, NULL),
(1492, 'Soto la Marina', 22, NULL, NULL),
(1493, 'Tampico', 22, NULL, NULL),
(1494, 'Tula', 22, NULL, NULL),
(1495, 'Valle Hermoso', 22, NULL, NULL),
(1496, 'Victoria', 22, NULL, NULL),
(1497, 'Villagrán', 22, NULL, NULL),
(1498, 'Xicoténcatl', 22, NULL, NULL),
(1499, 'Apozol', 23, NULL, NULL),
(1500, 'Apulco', 23, NULL, NULL),
(1501, 'Atolinga', 23, NULL, NULL),
(1502, 'Benito Juárez', 23, NULL, NULL),
(1503, 'Calera', 23, NULL, NULL),
(1504, 'Cañitas de Felipe Pescador', 23, NULL, NULL),
(1505, 'Concepción del Oro', 23, NULL, NULL),
(1506, 'Cuauhtémoc', 23, NULL, NULL),
(1507, 'Chalchihuites', 23, NULL, NULL),
(1508, 'Fresnillo', 23, NULL, NULL),
(1509, 'Trinidad García de la Cadena', 23, NULL, NULL),
(1510, 'Genaro Codina', 23, NULL, NULL),
(1511, 'General Enrique Estrada', 23, NULL, NULL),
(1512, 'General Francisco R. Murguía', 23, NULL, NULL),
(1513, 'El Plateado de Joaquín Amaro', 23, NULL, NULL),
(1514, 'General Pánfilo Natera', 23, NULL, NULL),
(1515, 'Guadalupe', 23, NULL, NULL),
(1516, 'Huanusco', 23, NULL, NULL),
(1517, 'Jalpa', 23, NULL, NULL),
(1518, 'Jerez', 23, NULL, NULL),
(1519, 'Jiménez del Teul', 23, NULL, NULL),
(1520, 'Juan Aldama', 23, NULL, NULL),
(1521, 'Juchipila', 23, NULL, NULL),
(1522, 'Loreto', 23, NULL, NULL),
(1523, 'Luis Moya', 23, NULL, NULL),
(1524, 'Mazapil', 23, NULL, NULL),
(1525, 'Melchor Ocampo', 23, NULL, NULL),
(1526, 'Mezquital del Oro', 23, NULL, NULL),
(1527, 'Miguel Auza', 23, NULL, NULL),
(1528, 'Momax', 23, NULL, NULL),
(1529, 'Monte Escobedo', 23, NULL, NULL),
(1530, 'Morelos', 23, NULL, NULL),
(1531, 'Moyahua de Estrada', 23, NULL, NULL),
(1532, 'Nochistlán de Mejía', 23, NULL, NULL),
(1533, 'Noria de Ángeles', 23, NULL, NULL),
(1534, 'Ojocaliente', 23, NULL, NULL),
(1535, 'Pánuco', 23, NULL, NULL),
(1536, 'Pinos', 23, NULL, NULL),
(1537, 'Río Grande', 23, NULL, NULL),
(1538, 'Sain Alto', 23, NULL, NULL),
(1539, 'El Salvador', 23, NULL, NULL),
(1540, 'Sombrerete', 23, NULL, NULL),
(1541, 'Susticacán', 23, NULL, NULL),
(1542, 'Tabasco', 23, NULL, NULL),
(1543, 'Tepechitlán', 23, NULL, NULL),
(1544, 'Tepetongo', 23, NULL, NULL),
(1545, 'Teúl de González Ortega', 23, NULL, NULL),
(1546, 'Tlaltenango de Sánchez Román', 23, NULL, NULL),
(1547, 'Valparaíso', 23, NULL, NULL),
(1548, 'Vetagrande', 23, NULL, NULL),
(1549, 'Villa de Cos', 23, NULL, NULL),
(1550, 'Villa García', 23, NULL, NULL),
(1551, 'Villa González Ortega', 23, NULL, NULL),
(1552, 'Villa Hidalgo', 23, NULL, NULL),
(1553, 'Villanueva', 23, NULL, NULL),
(1554, 'Zacatecas', 23, NULL, NULL),
(1555, 'Trancoso', 23, NULL, NULL),
(1556, 'Santa María de la Paz', 23, NULL, NULL),
(1557, 'Acaponeta', 24, NULL, NULL),
(1558, 'Ahuacatlán', 24, NULL, NULL),
(1559, 'Amatlán de Cañas', 24, NULL, NULL),
(1560, 'Compostela', 24, NULL, NULL),
(1561, 'Huajicori', 24, NULL, NULL),
(1562, 'Ixtlán del Río', 24, NULL, NULL),
(1563, 'Jala', 24, NULL, NULL),
(1564, 'Xalisco', 24, NULL, NULL),
(1565, 'Del Nayar', 24, NULL, NULL),
(1566, 'Rosamorada', 24, NULL, NULL),
(1567, 'Ruíz', 24, NULL, NULL),
(1568, 'San Blas', 24, NULL, NULL),
(1569, 'San Pedro Lagunillas', 24, NULL, NULL),
(1570, 'Santa María del Oro', 24, NULL, NULL),
(1571, 'Santiago Ixcuintla', 24, NULL, NULL),
(1572, 'Tecuala', 24, NULL, NULL),
(1573, 'Tepic', 24, NULL, NULL),
(1574, 'Tuxpan', 24, NULL, NULL),
(1575, 'La Yesca', 24, NULL, NULL),
(1576, 'Bahía de Banderas', 24, NULL, NULL),
(1577, 'Ahome', 25, NULL, NULL),
(1578, 'Angostura', 25, NULL, NULL),
(1579, 'Badiraguato', 25, NULL, NULL),
(1580, 'Concordia', 25, NULL, NULL),
(1581, 'Cosalá', 25, NULL, NULL),
(1582, 'Culiacán', 25, NULL, NULL),
(1583, 'Choix', 25, NULL, NULL),
(1584, 'Elota', 25, NULL, NULL),
(1585, 'Escuinapa', 25, NULL, NULL),
(1586, 'El Fuerte', 25, NULL, NULL),
(1587, 'Guasave', 25, NULL, NULL),
(1588, 'Mazatlán', 25, NULL, NULL),
(1589, 'Mocorito', 25, NULL, NULL),
(1590, 'Rosario', 25, NULL, NULL),
(1591, 'Salvador Alvarado', 25, NULL, NULL),
(1592, 'San Ignacio', 25, NULL, NULL),
(1593, 'Sinaloa', 25, NULL, NULL),
(1594, 'Navolato', 25, NULL, NULL),
(1595, 'Canatlán', 26, NULL, NULL),
(1596, 'Canelas', 26, NULL, NULL),
(1597, 'Coneto de Comonfort', 26, NULL, NULL),
(1598, 'Cuencamé', 26, NULL, NULL),
(1599, 'Durango', 26, NULL, NULL),
(1600, 'General Simón Bolívar', 26, NULL, NULL),
(1601, 'Gómez Palacio', 26, NULL, NULL),
(1602, 'Guadalupe Victoria', 26, NULL, NULL),
(1603, 'Guanaceví', 26, NULL, NULL),
(1604, 'Hidalgo', 26, NULL, NULL),
(1605, 'Indé', 26, NULL, NULL),
(1606, 'Lerdo', 26, NULL, NULL),
(1607, 'Mapimí', 26, NULL, NULL),
(1608, 'Mezquital', 26, NULL, NULL),
(1609, 'Nazas', 26, NULL, NULL),
(1610, 'Nombre de Dios', 26, NULL, NULL),
(1611, 'Ocampo', 26, NULL, NULL),
(1612, 'El Oro', 26, NULL, NULL),
(1613, 'Otáez', 26, NULL, NULL),
(1614, 'Pánuco de Coronado', 26, NULL, NULL),
(1615, 'Peñón Blanco', 26, NULL, NULL),
(1616, 'Poanas', 26, NULL, NULL),
(1617, 'Pueblo Nuevo', 26, NULL, NULL),
(1618, 'Rodeo', 26, NULL, NULL),
(1619, 'San Bernardo', 26, NULL, NULL),
(1620, 'San Dimas', 26, NULL, NULL),
(1621, 'San Juan de Guadalupe', 26, NULL, NULL),
(1622, 'San Juan del Río', 26, NULL, NULL),
(1623, 'San Luis del Cordero', 26, NULL, NULL),
(1624, 'San Pedro del Gallo', 26, NULL, NULL),
(1625, 'Santa Clara', 26, NULL, NULL),
(1626, 'Santiago Papasquiaro', 26, NULL, NULL),
(1627, 'Súchil', 26, NULL, NULL),
(1628, 'Tamazula', 26, NULL, NULL),
(1629, 'Tepehuanes', 26, NULL, NULL),
(1630, 'Tlahualilo', 26, NULL, NULL),
(1631, 'Topia', 26, NULL, NULL),
(1632, 'Vicente Guerrero', 26, NULL, NULL),
(1633, 'Nuevo Ideal', 26, NULL, NULL),
(1634, 'Abasolo', 27, NULL, NULL),
(1635, 'Agualeguas', 27, NULL, NULL),
(1636, 'Los Aldamas', 27, NULL, NULL),
(1637, 'Allende', 27, NULL, NULL),
(1638, 'Anáhuac', 27, NULL, NULL),
(1639, 'Apodaca', 27, NULL, NULL),
(1640, 'Aramberri', 27, NULL, NULL),
(1641, 'Bustamante', 27, NULL, NULL),
(1642, 'Cadereyta Jiménez', 27, NULL, NULL),
(1643, 'El Carmen', 27, NULL, NULL),
(1644, 'Cerralvo', 27, NULL, NULL),
(1645, 'Ciénega de Flores', 27, NULL, NULL),
(1646, 'China', 27, NULL, NULL),
(1647, 'Doctor Arroyo', 27, NULL, NULL),
(1648, 'Doctor Coss', 27, NULL, NULL),
(1649, 'Doctor González', 27, NULL, NULL),
(1650, 'Galeana', 27, NULL, NULL),
(1651, 'García', 27, NULL, NULL),
(1652, 'San Pedro Garza García', 27, NULL, NULL),
(1653, 'General Bravo', 27, NULL, NULL),
(1654, 'General Escobedo', 27, NULL, NULL),
(1655, 'General Terán', 27, NULL, NULL),
(1656, 'General Treviño', 27, NULL, NULL),
(1657, 'General Zaragoza', 27, NULL, NULL),
(1658, 'General Zuazua', 27, NULL, NULL),
(1659, 'Guadalupe', 27, NULL, NULL),
(1660, 'Los Herreras', 27, NULL, NULL),
(1661, 'Higueras', 27, NULL, NULL),
(1662, 'Hualahuises', 27, NULL, NULL),
(1663, 'Iturbide', 27, NULL, NULL),
(1664, 'Juárez', 27, NULL, NULL),
(1665, 'Lampazos de Naranjo', 27, NULL, NULL),
(1666, 'Linares', 27, NULL, NULL),
(1667, 'Marín', 27, NULL, NULL),
(1668, 'Melchor Ocampo', 27, NULL, NULL),
(1669, 'Mier y Noriega', 27, NULL, NULL),
(1670, 'Mina', 27, NULL, NULL),
(1671, 'Montemorelos', 27, NULL, NULL),
(1672, 'Monterrey', 27, NULL, NULL),
(1673, 'Parás', 27, NULL, NULL),
(1674, 'Pesquería', 27, NULL, NULL),
(1675, 'Los Ramones', 27, NULL, NULL),
(1676, 'Rayones', 27, NULL, NULL),
(1677, 'Sabinas Hidalgo', 27, NULL, NULL),
(1678, 'Salinas Victoria', 27, NULL, NULL),
(1679, 'San Nicolás de los Garza', 27, NULL, NULL),
(1680, 'Hidalgo', 27, NULL, NULL),
(1681, 'Santa Catarina', 27, NULL, NULL),
(1682, 'Santiago', 27, NULL, NULL),
(1683, 'Vallecillo', 27, NULL, NULL),
(1684, 'Villaldama', 27, NULL, NULL),
(1685, 'Abasolo', 28, NULL, NULL),
(1686, 'Acuña', 28, NULL, NULL),
(1687, 'Allende', 28, NULL, NULL),
(1688, 'Arteaga', 28, NULL, NULL),
(1689, 'Candela', 28, NULL, NULL),
(1690, 'Castaños', 28, NULL, NULL),
(1691, 'Cuatro Ciénegas', 28, NULL, NULL),
(1692, 'Escobedo', 28, NULL, NULL),
(1693, 'Francisco I. Madero', 28, NULL, NULL),
(1694, 'Frontera', 28, NULL, NULL),
(1695, 'General Cepeda', 28, NULL, NULL),
(1696, 'Guerrero', 28, NULL, NULL),
(1697, 'Hidalgo', 28, NULL, NULL),
(1698, 'Jiménez', 28, NULL, NULL),
(1699, 'Juárez', 28, NULL, NULL),
(1700, 'Lamadrid', 28, NULL, NULL),
(1701, 'Matamoros', 28, NULL, NULL),
(1702, 'Monclova', 28, NULL, NULL),
(1703, 'Morelos', 28, NULL, NULL),
(1704, 'Múzquiz', 28, NULL, NULL),
(1705, 'Nadadores', 28, NULL, NULL),
(1706, 'Nava', 28, NULL, NULL),
(1707, 'Ocampo', 28, NULL, NULL),
(1708, 'Parras', 28, NULL, NULL),
(1709, 'Piedras Negras', 28, NULL, NULL),
(1710, 'Progreso', 28, NULL, NULL),
(1711, 'Ramos Arizpe', 28, NULL, NULL),
(1712, 'Sabinas', 28, NULL, NULL),
(1713, 'Sacramento', 28, NULL, NULL),
(1714, 'Saltillo', 28, NULL, NULL),
(1715, 'San Buenaventura', 28, NULL, NULL),
(1716, 'San Juan de Sabinas', 28, NULL, NULL),
(1717, 'San Pedro', 28, NULL, NULL),
(1718, 'Sierra Mojada', 28, NULL, NULL),
(1719, 'Torreón', 28, NULL, NULL),
(1720, 'Viesca', 28, NULL, NULL),
(1721, 'Villa Unión', 28, NULL, NULL),
(1722, 'Zaragoza', 28, NULL, NULL),
(1723, 'Ahumada', 29, NULL, NULL),
(1724, 'Aldama', 29, NULL, NULL),
(1725, 'Allende', 29, NULL, NULL),
(1726, 'Aquiles Serdán', 29, NULL, NULL),
(1727, 'Ascensión', 29, NULL, NULL),
(1728, 'Bachíniva', 29, NULL, NULL),
(1729, 'Balleza', 29, NULL, NULL),
(1730, 'Batopilas de Manuel Gómez Morín', 29, NULL, NULL),
(1731, 'Bocoyna', 29, NULL, NULL),
(1732, 'Buenaventura', 29, NULL, NULL),
(1733, 'Camargo', 29, NULL, NULL),
(1734, 'Carichí', 29, NULL, NULL),
(1735, 'Casas Grandes', 29, NULL, NULL),
(1736, 'Coronado', 29, NULL, NULL),
(1737, 'Coyame del Sotol', 29, NULL, NULL),
(1738, 'La Cruz', 29, NULL, NULL),
(1739, 'Cuauhtémoc', 29, NULL, NULL),
(1740, 'Cusihuiriachi', 29, NULL, NULL),
(1741, 'Chihuahua', 29, NULL, NULL),
(1742, 'Chínipas', 29, NULL, NULL),
(1743, 'Delicias', 29, NULL, NULL),
(1744, 'Dr. Belisario Domínguez', 29, NULL, NULL),
(1745, 'Galeana', 29, NULL, NULL),
(1746, 'Santa Isabel', 29, NULL, NULL),
(1747, 'Gómez Farías', 29, NULL, NULL),
(1748, 'Gran Morelos', 29, NULL, NULL),
(1749, 'Guachochi', 29, NULL, NULL),
(1750, 'Guadalupe', 29, NULL, NULL),
(1751, 'Guadalupe y Calvo', 29, NULL, NULL),
(1752, 'Guazapares', 29, NULL, NULL),
(1753, 'Guerrero', 29, NULL, NULL),
(1754, 'Hidalgo del Parral', 29, NULL, NULL),
(1755, 'Huejotitán', 29, NULL, NULL),
(1756, 'Ignacio Zaragoza', 29, NULL, NULL),
(1757, 'Janos', 29, NULL, NULL),
(1758, 'Jiménez', 29, NULL, NULL),
(1759, 'Juárez', 29, NULL, NULL),
(1760, 'Julimes', 29, NULL, NULL),
(1761, 'López', 29, NULL, NULL),
(1762, 'Madera', 29, NULL, NULL),
(1763, 'Maguarichi', 29, NULL, NULL),
(1764, 'Manuel Benavides', 29, NULL, NULL),
(1765, 'Matachí', 29, NULL, NULL),
(1766, 'Matamoros', 29, NULL, NULL),
(1767, 'Meoqui', 29, NULL, NULL),
(1768, 'Morelos', 29, NULL, NULL),
(1769, 'Moris', 29, NULL, NULL),
(1770, 'Namiquipa', 29, NULL, NULL),
(1771, 'Nonoava', 29, NULL, NULL),
(1772, 'Nuevo Casas Grandes', 29, NULL, NULL),
(1773, 'Ocampo', 29, NULL, NULL),
(1774, 'Ojinaga', 29, NULL, NULL),
(1775, 'Praxedis G. Guerrero', 29, NULL, NULL),
(1776, 'Riva Palacio', 29, NULL, NULL),
(1777, 'Rosales', 29, NULL, NULL),
(1778, 'Rosario', 29, NULL, NULL),
(1779, 'San Francisco de Borja', 29, NULL, NULL),
(1780, 'San Francisco de Conchos', 29, NULL, NULL),
(1781, 'San Francisco del Oro', 29, NULL, NULL),
(1782, 'Santa Bárbara', 29, NULL, NULL),
(1783, 'Satevó', 29, NULL, NULL),
(1784, 'Saucillo', 29, NULL, NULL),
(1785, 'Temósachic', 29, NULL, NULL),
(1786, 'El Tule', 29, NULL, NULL),
(1787, 'Urique', 29, NULL, NULL),
(1788, 'Uruachi', 29, NULL, NULL),
(1789, 'Valle de Zaragoza', 29, NULL, NULL),
(1790, 'Aconchi', 30, NULL, NULL),
(1791, 'Agua Prieta', 30, NULL, NULL),
(1792, 'Alamos', 30, NULL, NULL),
(1793, 'Altar', 30, NULL, NULL),
(1794, 'Arivechi', 30, NULL, NULL),
(1795, 'Arizpe', 30, NULL, NULL),
(1796, 'Atil', 30, NULL, NULL),
(1797, 'Bacadéhuachi', 30, NULL, NULL),
(1798, 'Bacanora', 30, NULL, NULL),
(1799, 'Bacerac', 30, NULL, NULL),
(1800, 'Bacoachi', 30, NULL, NULL),
(1801, 'Bácum', 30, NULL, NULL),
(1802, 'Banámichi', 30, NULL, NULL),
(1803, 'Baviácora', 30, NULL, NULL),
(1804, 'Bavispe', 30, NULL, NULL),
(1805, 'Benjamín Hill', 30, NULL, NULL),
(1806, 'Caborca', 30, NULL, NULL),
(1807, 'Cajeme', 30, NULL, NULL),
(1808, 'Cananea', 30, NULL, NULL),
(1809, 'Carbó', 30, NULL, NULL),
(1810, 'La Colorada', 30, NULL, NULL),
(1811, 'Cucurpe', 30, NULL, NULL),
(1812, 'Cumpas', 30, NULL, NULL),
(1813, 'Divisaderos', 30, NULL, NULL),
(1814, 'Empalme', 30, NULL, NULL),
(1815, 'Etchojoa', 30, NULL, NULL),
(1816, 'Fronteras', 30, NULL, NULL),
(1817, 'Granados', 30, NULL, NULL),
(1818, 'Guaymas', 30, NULL, NULL),
(1819, 'Hermosillo', 30, NULL, NULL),
(1820, 'Huachinera', 30, NULL, NULL),
(1821, 'Huásabas', 30, NULL, NULL),
(1822, 'Huatabampo', 30, NULL, NULL),
(1823, 'Huépac', 30, NULL, NULL),
(1824, 'Imuris', 30, NULL, NULL),
(1825, 'Magdalena', 30, NULL, NULL),
(1826, 'Mazatán', 30, NULL, NULL),
(1827, 'Moctezuma', 30, NULL, NULL),
(1828, 'Naco', 30, NULL, NULL),
(1829, 'Nácori Chico', 30, NULL, NULL),
(1830, 'Nacozari de García', 30, NULL, NULL),
(1831, 'Navojoa', 30, NULL, NULL),
(1832, 'Nogales', 30, NULL, NULL),
(1833, 'Ónavas', 30, NULL, NULL),
(1834, 'Opodepe', 30, NULL, NULL),
(1835, 'Oquitoa', 30, NULL, NULL),
(1836, 'Pitiquito', 30, NULL, NULL),
(1837, 'Puerto Peñasco', 30, NULL, NULL),
(1838, 'Quiriego', 30, NULL, NULL),
(1839, 'Rayón', 30, NULL, NULL),
(1840, 'Rosario', 30, NULL, NULL),
(1841, 'Sahuaripa', 30, NULL, NULL),
(1842, 'San Felipe de Jesús', 30, NULL, NULL),
(1843, 'San Javier', 30, NULL, NULL),
(1844, 'San Luis Río Colorado', 30, NULL, NULL),
(1845, 'San Miguel de Horcasitas', 30, NULL, NULL),
(1846, 'San Pedro de la Cueva', 30, NULL, NULL),
(1847, 'Santa Ana', 30, NULL, NULL),
(1848, 'Santa Cruz', 30, NULL, NULL),
(1849, 'Sáric', 30, NULL, NULL),
(1850, 'Soyopa', 30, NULL, NULL),
(1851, 'Suaqui Grande', 30, NULL, NULL),
(1852, 'Tepache', 30, NULL, NULL),
(1853, 'Trincheras', 30, NULL, NULL),
(1854, 'Tubutama', 30, NULL, NULL),
(1855, 'Ures', 30, NULL, NULL),
(1856, 'Villa Hidalgo', 30, NULL, NULL),
(1857, 'Villa Pesqueira', 30, NULL, NULL),
(1858, 'Yécora', 30, NULL, NULL),
(1859, 'General Plutarco Elías Calles', 30, NULL, NULL),
(1860, 'Benito Juárez', 30, NULL, NULL),
(1861, 'San Ignacio Río Muerto', 30, NULL, NULL),
(1862, 'Ensenada', 31, NULL, NULL),
(1863, 'Mexicali', 31, NULL, NULL),
(1864, 'Tecate', 31, NULL, NULL),
(1865, 'Tijuana', 31, NULL, NULL),
(1866, 'Playas de Rosarito', 31, NULL, NULL),
(1867, 'San Quintín', 31, NULL, NULL),
(1868, 'San Felipe', 31, NULL, NULL),
(1869, 'Comondú', 32, NULL, NULL),
(1870, 'Mulegé', 32, NULL, NULL),
(1871, 'La Paz', 32, NULL, NULL),
(1872, 'Los Cabos', 32, NULL, NULL),
(1873, 'Loreto', 32, NULL, NULL),
(1874, 'Abalá', 6, NULL, NULL),
(1875, 'Acanceh', 6, NULL, NULL),
(1876, 'Akil', 6, NULL, NULL),
(1877, 'Baca', 6, NULL, NULL),
(1878, 'Bokobá', 6, NULL, NULL),
(1879, 'Buctzotz', 6, NULL, NULL),
(1880, 'Cacalchén', 6, NULL, NULL),
(1881, 'Calotmul', 6, NULL, NULL),
(1882, 'Cansahcab', 6, NULL, NULL),
(1883, 'Cantamayec', 6, NULL, NULL),
(1884, 'Celestún', 6, NULL, NULL),
(1885, 'Cenotillo', 6, NULL, NULL),
(1886, 'Conkal', 6, NULL, NULL),
(1887, 'Cuncunul', 6, NULL, NULL),
(1888, 'Cuzamá', 6, NULL, NULL),
(1889, 'Chacsinkín', 6, NULL, NULL),
(1890, 'Chankom', 6, NULL, NULL),
(1891, 'Chapab', 6, NULL, NULL),
(1892, 'Chemax', 6, NULL, NULL),
(1893, 'Chicxulub Pueblo', 6, NULL, NULL),
(1894, 'Chichimilá', 6, NULL, NULL),
(1895, 'Chikindzonot', 6, NULL, NULL),
(1896, 'Chocholá', 6, NULL, NULL),
(1897, 'Chumayel', 6, NULL, NULL),
(1898, 'Dzán', 6, NULL, NULL),
(1899, 'Dzemul', 6, NULL, NULL),
(1900, 'Dzidzantún', 6, NULL, NULL),
(1901, 'Dzilam de Bravo', 6, NULL, NULL),
(1902, 'Dzilam González', 6, NULL, NULL),
(1903, 'Dzitás', 6, NULL, NULL),
(1904, 'Dzoncauich', 6, NULL, NULL),
(1905, 'Espita', 6, NULL, NULL),
(1906, 'Halachó', 6, NULL, NULL),
(1907, 'Hocabá', 6, NULL, NULL),
(1908, 'Hoctún', 6, NULL, NULL),
(1909, 'Homún', 6, NULL, NULL),
(1910, 'Huhí', 6, NULL, NULL),
(1911, 'Hunucmá', 6, NULL, NULL),
(1912, 'Ixil', 6, NULL, NULL),
(1913, 'Izamal', 6, NULL, NULL),
(1914, 'Kanasín', 6, NULL, NULL),
(1915, 'Kantunil', 6, NULL, NULL),
(1916, 'Kaua', 6, NULL, NULL),
(1917, 'Kinchil', 6, NULL, NULL),
(1918, 'Kopomá', 6, NULL, NULL),
(1919, 'Mama', 6, NULL, NULL),
(1920, 'Maní', 6, NULL, NULL),
(1921, 'Maxcanú', 6, NULL, NULL),
(1922, 'Mayapán', 6, NULL, NULL),
(1923, 'Mérida', 6, NULL, NULL),
(1924, 'Mocochá', 6, NULL, NULL),
(1925, 'Motul', 6, NULL, NULL),
(1926, 'Muna', 6, NULL, NULL),
(1927, 'Muxupip', 6, NULL, NULL),
(1928, 'Opichén', 6, NULL, NULL),
(1929, 'Oxkutzcab', 6, NULL, NULL),
(1930, 'Panabá', 6, NULL, NULL),
(1931, 'Peto', 6, NULL, NULL),
(1932, 'Progreso', 6, NULL, NULL),
(1933, 'Quintana Roo', 6, NULL, NULL),
(1934, 'Río Lagartos', 6, NULL, NULL),
(1935, 'Sacalum', 6, NULL, NULL),
(1936, 'Samahil', 6, NULL, NULL),
(1937, 'Sanahcat', 6, NULL, NULL),
(1938, 'San Felipe', 6, NULL, NULL),
(1939, 'Santa Elena', 6, NULL, NULL),
(1940, 'Seyé', 6, NULL, NULL),
(1941, 'Sinanché', 6, NULL, NULL),
(1942, 'Sotuta', 6, NULL, NULL),
(1943, 'Sucilá', 6, NULL, NULL),
(1944, 'Sudzal', 6, NULL, NULL),
(1945, 'Suma', 6, NULL, NULL),
(1946, 'Tahdziú', 6, NULL, NULL),
(1947, 'Tahmek', 6, NULL, NULL),
(1948, 'Teabo', 6, NULL, NULL),
(1949, 'Tecoh', 6, NULL, NULL),
(1950, 'Tekal de Venegas', 6, NULL, NULL),
(1951, 'Tekantó', 6, NULL, NULL),
(1952, 'Tekax', 6, NULL, NULL),
(1953, 'Tekit', 6, NULL, NULL),
(1954, 'Tekom', 6, NULL, NULL),
(1955, 'Telchac Pueblo', 6, NULL, NULL),
(1956, 'Telchac Puerto', 6, NULL, NULL),
(1957, 'Temax', 6, NULL, NULL),
(1958, 'Temozón', 6, NULL, NULL),
(1959, 'Tepakán', 6, NULL, NULL),
(1960, 'Tetiz', 6, NULL, NULL),
(1961, 'Teya', 6, NULL, NULL),
(1962, 'Ticul', 6, NULL, NULL),
(1963, 'Timucuy', 6, NULL, NULL),
(1964, 'Tinum', 6, NULL, NULL),
(1965, 'Tixcacalcupul', 6, NULL, NULL),
(1966, 'Tixkokob', 6, NULL, NULL),
(1967, 'Tixmehuac', 6, NULL, NULL),
(1968, 'Tixpéhual', 6, NULL, NULL),
(1969, 'Tizimín', 6, NULL, NULL),
(1970, 'Tunkás', 6, NULL, NULL),
(1971, 'Tzucacab', 6, NULL, NULL),
(1972, 'Uayma', 6, NULL, NULL),
(1973, 'Ucú', 6, NULL, NULL),
(1974, 'Umán', 6, NULL, NULL),
(1975, 'Valladolid', 6, NULL, NULL),
(1976, 'Xocchel', 6, NULL, NULL),
(1977, 'Yaxcabá', 6, NULL, NULL),
(1978, 'Yaxkukul', 6, NULL, NULL),
(1979, 'Yobaín', 6, NULL, NULL);

-- --------------------------------------------------------

--
-- Estructura de tabla para la tabla `estados`
--

CREATE TABLE `estados` (
  `id` bigint(20) UNSIGNED NOT NULL,
  `nombre` varchar(255) NOT NULL,
  `created_at` timestamp NULL DEFAULT NULL,
  `updated_at` timestamp NULL DEFAULT NULL
) ENGINE=InnoDB DEFAULT CHARSET=utf8mb4 COLLATE=utf8mb4_unicode_ci;

--
-- Volcado de datos para la tabla `estados`
--

INSERT INTO `estados` (`id`, `nombre`, `created_at`, `updated_at`) VALUES
(1, 'Guerrero', NULL, NULL),
(2, 'Oaxaca', NULL, NULL),
(3, 'Chiapas', NULL, NULL),
(4, 'Tabasco', NULL, NULL),
(5, 'Campeche', NULL, NULL),
(6, 'Yucatán', NULL, NULL),
(7, 'Quintana Roo', NULL, NULL),
(8, 'Veracruz', NULL, NULL),
(9, 'Puebla', NULL, NULL),
(10, 'Tlaxcala', NULL, NULL),
(11, 'Morelos', NULL, NULL),
(12, 'Ciudad de México', NULL, NULL),
(13, 'Estado de México ', NULL, NULL),
(14, 'Hidalgo', NULL, NULL),
(15, 'Querétaro ', NULL, NULL),
(16, 'Michoacán ', NULL, NULL),
(17, 'Guanajuato ', NULL, NULL),
(18, 'Colima', NULL, NULL),
(19, 'Aguascalientes', NULL, NULL),
(20, 'Jalisco', NULL, NULL),
(21, 'San Luis Potosí ', NULL, NULL),
(22, 'Tamaulipas ', NULL, NULL),
(23, 'Zacatecas ', NULL, NULL),
(24, 'Nayarit', NULL, NULL),
(25, 'Sinaloa', NULL, NULL),
(26, 'Durango', NULL, NULL),
(27, 'Nuevo León ', NULL, NULL),
(28, 'Coahuila ', NULL, NULL),
(29, 'Chihuahua', NULL, NULL),
(30, 'Sonora', NULL, NULL),
(31, 'Baja California Norte', NULL, NULL),
(32, 'Baja California Sur', NULL, NULL);

-- --------------------------------------------------------

--
-- Estructura de tabla para la tabla `lealtadhabitacion`
--

CREATE TABLE `lealtadhabitacion` (
  `ID` int(11) NOT NULL,
  `NumeroHabitacion` varchar(10) DEFAULT NULL,
  `TipoHabitacion` varchar(50) DEFAULT NULL,
  `EstadoHabitacion` enum('Disponible','Ocupada','Mantenimiento') DEFAULT NULL,
  `FechaInicio` date DEFAULT NULL,
  `FechaFinalizacion` date DEFAULT NULL,
  `Precio` decimal(10,2) DEFAULT NULL,
  `Descripcion` varchar(255) DEFAULT NULL
) ENGINE=InnoDB DEFAULT CHARSET=utf8mb4 COLLATE=utf8mb4_general_ci;

-- --------------------------------------------------------

--
-- Estructura de tabla para la tabla `lealtadhotel`
--

CREATE TABLE `lealtadhotel` (
  `ID` int(11) NOT NULL,
  `HabitacionID` int(11) DEFAULT NULL,
  `FechaInicio` date DEFAULT NULL,
  `FechaFinalizacion` date DEFAULT NULL
) ENGINE=InnoDB DEFAULT CHARSET=utf8mb4 COLLATE=utf8mb4_general_ci;

-- --------------------------------------------------------

--
-- Estructura de tabla para la tabla `lealtadrestaurante`
--

CREATE TABLE `lealtadrestaurante` (
  `ID` int(11) NOT NULL,
  `fecha` date DEFAULT NULL,
  `Comensales` int(11) DEFAULT NULL,
  `Mesa` varchar(50) DEFAULT NULL,
  `Consumo_alim` decimal(10,2) DEFAULT NULL,
  `Consumo_beb` decimal(10,2) DEFAULT NULL,
  `Consumo_otros` decimal(10,2) NOT NULL,
  `Consumo_total` decimal(10,2) DEFAULT NULL,
  `Cheque` varchar(50) DEFAULT NULL
) ENGINE=InnoDB DEFAULT CHARSET=utf8mb4 COLLATE=utf8mb4_general_ci;

-- --------------------------------------------------------

--
-- Estructura de tabla para la tabla `negocio`
--

CREATE TABLE `negocio` (
  `ID` int(11) NOT NULL,
  `Tipo` enum('Hotel','Restaurante') DEFAULT NULL,
  `Nombre` varchar(255) DEFAULT NULL,
  `RazonSocial` varchar(255) DEFAULT NULL,
  `Rfc` varchar(15) DEFAULT NULL,
  `Direccion` varchar(255) DEFAULT NULL,
  `Ciudad` varchar(100) DEFAULT NULL,
  `Estado` varchar(100) DEFAULT NULL,
  `Pais` varchar(100) DEFAULT NULL,
  `Email` varchar(255) DEFAULT NULL,
  `created_at` timestamp NOT NULL DEFAULT current_timestamp(),
  `updated_at` timestamp NOT NULL DEFAULT current_timestamp() ON UPDATE current_timestamp(),
  `ADMIN_ID` int(11) DEFAULT NULL
) ENGINE=InnoDB DEFAULT CHARSET=utf8mb4 COLLATE=utf8mb4_general_ci;

--
-- Volcado de datos para la tabla `negocio`
--

INSERT INTO `negocio` (`ID`, `Tipo`, `Nombre`, `RazonSocial`, `Rfc`, `Direccion`, `Ciudad`, `Estado`, `Pais`, `Email`, `created_at`, `updated_at`, `ADMIN_ID`) VALUES
(6, 'Restaurante', 'CORNPOP', 'ca de cv', 'PICO980805189', 'asd', 'Acapulco', 'ARIZONA', 'MEXICO', NULL, '2024-02-20 22:04:00', '2024-02-20 17:39:56', 6),
(7, 'Hotel', 'CORNPOP', 'ca de cv', 'asdasdsadasd', 'asd', 'COAHUILA', 'ARIZONA', 'MEXICO', NULL, '2024-02-20 22:40:10', '2024-02-20 17:40:05', 6),
(8, 'Hotel', 'CORNPOP2.0', 'ca de cv', 'asd', 'asd', 'Acapulco', 'ARIZONA', 'MEXICO', NULL, '2024-02-20 23:11:23', '2024-02-20 17:40:14', 6),
(9, 'Hotel', 'asd', 'asdas', 'asdasd', 'asdasd', 'asdas', 'asda', 'asda', NULL, '2024-02-20 23:18:33', '2024-02-20 17:40:21', 7),
(10, 'Restaurante', 'CORNPOP', 'ca de cv', '1234', 'asd', 'Acapulco', 'ARIZONA', 'ss', NULL, '2024-02-20 23:19:16', '2024-02-20 17:40:27', 7),
(11, 'Restaurante', 'CORNPOP_3.0', 'ca de cv', '1234', 'asdasd', 'asdasd', 'ARIZONA', 'M', NULL, '2024-02-20 23:20:26', '2024-02-20 17:40:33', 7),
(12, 'Restaurante', 'CORNPOP', 'ca de cv', 'PISL6211305U7', 'asdasd', 'Acapulco', 'ARIZONA', 'EUA', NULL, '2024-02-20 23:22:41', '2024-02-20 17:40:40', 7),
(13, 'Hotel', 'MUNDO', 'CD CD', 'dgsg3671', 'asidasi', 'ASIDAIOS', 'AISJDAO', 'asoidas', NULL, '2024-02-20 23:51:20', '2024-02-20 23:51:20', NULL),
(14, 'Restaurante', 'asd', 'asd', 'asd', 'asdasd', 'asdas', 'asd', 'asda', NULL, '2024-02-20 23:54:37', '2024-02-20 23:54:37', 9),
(15, 'Restaurante', 'GUYI', 'asdas', 'PICO980805189', 'asdasd', 'Acapulco', 'GUERRERO', 'MEXICO', NULL, '2024-02-27 20:57:46', '2024-02-27 20:57:46', 10),
(16, 'Restaurante', 'MUNDO', 'CD CD', 'PISL6211305U7', 'asdasd', 'Acapulco', 'GUERRERO', 'MEXICO', NULL, '2024-02-27 20:59:15', '2024-02-27 20:59:15', 11),
(17, 'Restaurante', 'CORNPOP_3.0', 'asdas', 'PICO980805189', 'asd', 'asdasd', 'GUERRERO', 'MEXICO', NULL, '2024-02-29 21:37:22', '2024-02-29 21:37:22', NULL),
(18, 'Restaurante', 'CORNPOP_3.4', 'asdas', 'PICO980805189', 'asd', 'Acapulcos', 'GUERRERO', 'MEXICO', NULL, '2024-02-29 21:48:14', '2024-02-29 21:48:14', 9),
(19, 'Restaurante', 'CORNPOP_3.4', 'asdas', 'PICO980805189', 'asd', 'Acapulcos', 'GUERRERO', 'MEXICO', NULL, '2024-02-29 21:48:32', '2024-02-29 21:48:32', 9),
(20, 'Restaurante', 'CORNPOP', 'ca de cv', 'PICO980805189', 'asdasd', 'Acapulco', 'ARIZONA', 'MEXICO', NULL, '2024-02-29 21:49:33', '2024-02-29 21:49:33', 9);

-- --------------------------------------------------------

--
-- Estructura de tabla para la tabla `paises`
--

CREATE TABLE `paises` (
  `id` bigint(20) UNSIGNED NOT NULL,
  `nombre` varchar(255) NOT NULL,
  `lada` varchar(255) DEFAULT NULL,
  `bandera_icono` varchar(255) DEFAULT NULL,
  `created_at` timestamp NULL DEFAULT NULL,
  `updated_at` timestamp NULL DEFAULT NULL
) ENGINE=InnoDB DEFAULT CHARSET=utf8mb4 COLLATE=utf8mb4_unicode_ci;

--
-- Volcado de datos para la tabla `paises`
--

INSERT INTO `paises` (`id`, `nombre`, `lada`, `bandera_icono`, `created_at`, `updated_at`) VALUES
(1, 'Afganistán', '+93', NULL, NULL, NULL),
(2, 'Albania', '+355', NULL, NULL, NULL),
(3, 'Argelia', '+213', NULL, NULL, NULL),
(4, 'Andorra', '+376', NULL, NULL, NULL),
(5, 'Angola', '+244', NULL, NULL, NULL),
(6, 'Antigua y Barbuda', '+1-268', NULL, NULL, NULL),
(7, 'Argentina', '+54', NULL, NULL, NULL),
(8, 'Armenia', '+374', NULL, NULL, NULL),
(9, 'Australia', '+61', NULL, NULL, NULL),
(10, 'Austria', '+43', NULL, NULL, NULL),
(11, 'Azerbaiyán', '+994', NULL, NULL, NULL),
(12, 'Bahamas', '+1-242', NULL, NULL, NULL),
(13, 'Baréin', '+973', NULL, NULL, NULL),
(14, 'Bangladés', '+880', NULL, NULL, NULL),
(15, 'Barbados', '+1-246', NULL, NULL, NULL),
(16, 'Bielorrusia', '+375', NULL, NULL, NULL),
(17, 'Bélgica', '+32', NULL, NULL, NULL),
(18, 'Belice', '+501', NULL, NULL, NULL),
(19, 'Benín', '+229', NULL, NULL, NULL),
(20, 'Bermudas', '+1-441', NULL, NULL, NULL),
(21, 'Bután', '+975', NULL, NULL, NULL),
(22, 'Bolivia', '+591', NULL, NULL, NULL),
(23, 'Bosnia y Herzegovina', '+387', NULL, NULL, NULL),
(24, 'Botsuana', '+267', NULL, NULL, NULL),
(25, 'Brasil', '+55', NULL, NULL, NULL),
(26, 'Brunéi', '+673', NULL, NULL, NULL),
(27, 'Bulgaria', '+359', NULL, NULL, NULL),
(28, 'Burkina Faso', '+226', NULL, NULL, NULL),
(29, 'Burundi', '+257', NULL, NULL, NULL),
(30, 'Cabo Verde', '+238', NULL, NULL, NULL),
(31, 'Camboya', '+855', NULL, NULL, NULL),
(32, 'Camerún', '+237', NULL, NULL, NULL),
(33, 'Canadá', '+1', NULL, NULL, NULL),
(34, 'República Centroafricana', '+236', NULL, NULL, NULL),
(35, 'Chad', '+235', NULL, NULL, NULL),
(36, 'Chile', '+56', NULL, NULL, NULL),
(37, 'China', '+86', NULL, NULL, NULL),
(38, 'Colombia', '+57', NULL, NULL, NULL),
(39, 'Comoras', '+269', NULL, NULL, NULL),
(40, 'República del Congo', '+242', NULL, NULL, NULL),
(41, 'República Democrática del Congo', '+243', NULL, NULL, NULL),
(42, 'Islas Cook', '+682', NULL, NULL, NULL),
(43, 'Costa Rica', '+506', NULL, NULL, NULL),
(44, 'Costa de Marfil', '+225', NULL, NULL, NULL),
(45, 'Croacia', '+385', NULL, NULL, NULL),
(46, 'Cuba', '+53', NULL, NULL, NULL),
(47, 'Chipre', '+357', NULL, NULL, NULL),
(48, 'República Checa', '+420', NULL, NULL, NULL),
(49, 'Dinamarca', '+45', NULL, NULL, NULL),
(50, 'Yibuti', '+253', NULL, NULL, NULL),
(51, 'Dominica', '+1-767', NULL, NULL, NULL),
(52, 'República Dominicana', '+1-809, +1-829, +1-849', NULL, NULL, NULL),
(53, 'Ecuador', '+593', NULL, NULL, NULL),
(54, 'Egipto', '+20', NULL, NULL, NULL),
(55, 'El Salvador', '+503', NULL, NULL, NULL),
(56, 'Guinea Ecuatorial', '+240', NULL, NULL, NULL),
(57, 'Eritrea', '+291', NULL, NULL, NULL),
(58, 'Estonia', '+372', NULL, NULL, NULL),
(59, 'Eswatini', '+268', NULL, NULL, NULL),
(60, 'Etiopía', '+251', NULL, NULL, NULL),
(61, 'Fiyi', '+679', NULL, NULL, NULL),
(62, 'Finlandia', '+358', NULL, NULL, NULL),
(63, 'Francia', '+33', NULL, NULL, NULL),
(64, 'Gabón', '+241', NULL, NULL, NULL),
(65, 'Gambia', '+220', NULL, NULL, NULL),
(66, 'Georgia', '+995', NULL, NULL, NULL),
(67, 'Alemania', '+49', NULL, NULL, NULL),
(68, 'Ghana', '+233', NULL, NULL, NULL),
(69, 'Gibraltar', '+350', NULL, NULL, NULL),
(70, 'Grecia', '+30', NULL, NULL, NULL),
(71, 'Groenlandia', '+299', NULL, NULL, NULL),
(72, 'Granada', '+1-473', NULL, NULL, NULL),
(73, 'Guadalupe', '+590', NULL, NULL, NULL),
(74, 'Guam', '+1-671', NULL, NULL, NULL),
(75, 'Guatemala', '+502', NULL, NULL, NULL),
(76, 'Guinea', '+224', NULL, NULL, NULL),
(77, 'Guinea-Bissau', '+245', NULL, NULL, NULL),
(78, 'Guyana', '+592', NULL, NULL, NULL),
(79, 'Haití', '+509', NULL, NULL, NULL),
(80, 'Honduras', '+504', NULL, NULL, NULL),
(81, 'Hong Kong', '+852', NULL, NULL, NULL),
(82, 'Hungría', '+36', NULL, NULL, NULL),
(83, 'Islandia', '+354', NULL, NULL, NULL),
(84, 'India', '+91', NULL, NULL, NULL),
(85, 'Indonesia', '+62', NULL, NULL, NULL),
(86, 'Irán', '+98', NULL, NULL, NULL),
(87, 'Iraq', '+964', NULL, NULL, NULL),
(88, 'Irlanda', '+353', NULL, NULL, NULL),
(89, 'Israel', '+972', NULL, NULL, NULL),
(90, 'Italia', '+39', NULL, NULL, NULL),
(91, 'Jamaica', '+1-876', NULL, NULL, NULL),
(92, 'Japón', '+81', NULL, NULL, NULL),
(93, 'Jordania', '+962', NULL, NULL, NULL),
(94, 'Kazajistán', '+7', NULL, NULL, NULL),
(95, 'Kenia', '+254', NULL, NULL, NULL),
(96, 'Kiribati', '+686', NULL, NULL, NULL),
(97, 'Corea del Norte', '+850', NULL, NULL, NULL),
(98, 'Corea del Sur', '+82', NULL, NULL, NULL),
(99, 'Kuwait', '+965', NULL, NULL, NULL),
(100, 'Kirguistán', '+996', NULL, NULL, NULL),
(101, 'Laos', '+856', NULL, NULL, NULL),
(102, 'Letonia', '+371', NULL, NULL, NULL),
(103, 'Líbano', '+961', NULL, NULL, NULL),
(104, 'Lesoto', '+266', NULL, NULL, NULL),
(105, 'Liberia', '+231', NULL, NULL, NULL),
(106, 'Libia', '+218', NULL, NULL, NULL),
(107, 'Liechtenstein', '+423', NULL, NULL, NULL),
(108, 'Lituania', '+370', NULL, NULL, NULL),
(109, 'Luxemburgo', '+352', NULL, NULL, NULL),
(110, 'Macao', '+853', NULL, NULL, NULL),
(111, 'Macedonia del Norte', '+389', NULL, NULL, NULL),
(112, 'Madagascar', '+261', NULL, NULL, NULL),
(113, 'Malawi', '+265', NULL, NULL, NULL),
(114, 'Malasia', '+60', NULL, NULL, NULL),
(115, 'Maldivas', '+960', NULL, NULL, NULL),
(116, 'Malí', '+223', NULL, NULL, NULL),
(117, 'Malta', '+356', NULL, NULL, NULL),
(118, 'Islas Marshall', '+692', NULL, NULL, NULL),
(119, 'Martinica', '+596', NULL, NULL, NULL),
(120, 'Mauritania', '+222', NULL, NULL, NULL),
(121, 'Mauricio', '+230', NULL, NULL, NULL),
(122, 'México', '+52', NULL, NULL, NULL),
(123, 'Micronesia', '+691', NULL, NULL, NULL),
(124, 'Moldavia', '+373', NULL, NULL, NULL),
(125, 'Mónaco', '+377', NULL, NULL, NULL),
(126, 'Mongolia', '+976', NULL, NULL, NULL),
(127, 'Montenegro', '+382', NULL, NULL, NULL),
(128, 'Montserrat', '+1-664', NULL, NULL, NULL),
(129, 'Marruecos', '+212', NULL, NULL, NULL),
(130, 'Mozambique', '+258', NULL, NULL, NULL),
(131, 'Myanmar', '+95', NULL, NULL, NULL),
(132, 'Namibia', '+264', NULL, NULL, NULL),
(133, 'Nauru', '+674', NULL, NULL, NULL),
(134, 'Nepal', '+977', NULL, NULL, NULL),
(135, 'Países Bajos (Holanda)', '+31', NULL, NULL, NULL),
(136, 'Antillas Neerlandesas', '+599', NULL, NULL, NULL),
(137, 'Nueva Caledonia', '+687', NULL, NULL, NULL),
(138, 'Nueva Zelanda', '+64', NULL, NULL, NULL),
(139, 'Nicaragua', '+505', NULL, NULL, NULL),
(140, 'Níger', '+227', NULL, NULL, NULL),
(141, 'Nigeria', '+234', NULL, NULL, NULL),
(142, 'Niue', '+683', NULL, NULL, NULL),
(143, 'Isla Norfolk', '+672', NULL, NULL, NULL),
(144, 'Islas Marianas del Norte', '+1-670', NULL, NULL, NULL),
(145, 'Noruega', '+47', NULL, NULL, NULL),
(146, 'Omán', '+968', NULL, NULL, NULL),
(147, 'Pakistán', '+92', NULL, NULL, NULL),
(148, 'Palaos', '+680', NULL, NULL, NULL),
(149, 'Panamá', '+507', NULL, NULL, NULL),
(150, 'Papúa Nueva Guinea', '+675', NULL, NULL, NULL),
(151, 'Paraguay', '+595', NULL, NULL, NULL),
(152, 'Perú', '+51', NULL, NULL, NULL),
(153, 'Filipinas', '+63', NULL, NULL, NULL),
(154, 'Polonia', '+48', NULL, NULL, NULL),
(155, 'Portugal', '+351', NULL, NULL, NULL),
(156, 'Puerto Rico', '+1-787', NULL, NULL, NULL),
(157, 'Qatar', '+974', NULL, NULL, NULL),
(158, 'Reunión', '+262', NULL, NULL, NULL),
(159, 'Rumania', '+40', NULL, NULL, NULL),
(160, 'Rusia', '+7', NULL, NULL, NULL),
(161, 'Ruanda', '+250', NULL, NULL, NULL),
(162, 'San Cristóbal y Nieves', '+1-869', NULL, NULL, NULL),
(163, 'Santa Lucía', '+1-758', NULL, NULL, NULL),
(164, 'San Vicente y las Granadinas', '+1-784', NULL, NULL, NULL),
(165, 'Samoa', '+685', NULL, NULL, NULL),
(166, 'San Marino', '+378', NULL, NULL, NULL),
(167, 'Santo Tomé y Príncipe', '+239', NULL, NULL, NULL),
(168, 'Arabia Saudita', '+966', NULL, NULL, NULL),
(169, 'Senegal', '+221', NULL, NULL, NULL),
(170, 'Serbia', '+381', NULL, NULL, NULL),
(171, 'Seychelles', '+248', NULL, NULL, NULL),
(172, 'Sierra Leona', '+232', NULL, NULL, NULL),
(173, 'Singapur', '+65', NULL, NULL, NULL),
(174, 'Eslovaquia', '+421', NULL, NULL, NULL),
(175, 'Eslovenia', '+386', NULL, NULL, NULL),
(176, 'Islas Salomón', '+677', NULL, NULL, NULL),
(177, 'Somalia', '+252', NULL, NULL, NULL),
(178, 'Sudáfrica', '+27', NULL, NULL, NULL),
(179, 'Sudán del Sur', '+211', NULL, NULL, NULL),
(180, 'España', '+34', NULL, NULL, NULL),
(181, 'Sri Lanka', '+94', NULL, NULL, NULL),
(182, 'Sudán', '+249', NULL, NULL, NULL),
(183, 'Surinam', '+597', NULL, NULL, NULL),
(184, 'Suecia', '+46', NULL, NULL, NULL),
(185, 'Suiza', '+41', NULL, NULL, NULL),
(186, 'Siria', '+963', NULL, NULL, NULL),
(187, 'Taiwán', '+886', NULL, NULL, NULL),
(188, 'Tayikistán', '+992', NULL, NULL, NULL),
(189, 'Tanzania', '+255', NULL, NULL, NULL),
(190, 'Tailandia', '+66', NULL, NULL, NULL),
(191, 'Timor Oriental', '+670', NULL, NULL, NULL),
(192, 'Togo', '+228', NULL, NULL, NULL),
(193, 'Tokelau', '+690', NULL, NULL, NULL),
(194, 'Tonga', '+676', NULL, NULL, NULL),
(195, 'Trinidad y Tobago', '+1-868', NULL, NULL, NULL),
(196, 'Túnez', '+216', NULL, NULL, NULL),
(197, 'Turquía', '+90', NULL, NULL, NULL),
(198, 'Turkmenistán', '+993', NULL, NULL, NULL),
(199, 'Islas Turcas y Caicos', '+1-649', NULL, NULL, NULL),
(200, 'Tuvalu', '+688', NULL, NULL, NULL),
(201, 'Uganda', '+256', NULL, NULL, NULL),
(202, 'Ucrania', '+380', NULL, NULL, NULL),
(203, 'Emiratos Árabes Unidos', '+971', NULL, NULL, NULL),
(204, 'Reino Unido', '+44', NULL, NULL, NULL),
(205, 'Estados Unidos', '+1', NULL, NULL, NULL),
(206, 'Uruguay', '+598', NULL, NULL, NULL),
(207, 'Uzbekistán', '+998', NULL, NULL, NULL),
(208, 'Vanuatu', '+678', NULL, NULL, NULL),
(209, 'Ciudad del Vaticano', '+379', NULL, NULL, NULL),
(210, 'Venezuela', '+58', NULL, NULL, NULL),
(211, 'Vietnam', '+84', NULL, NULL, NULL),
(212, 'Islas Vírgenes Británicas', '+1-284', NULL, NULL, NULL),
(213, 'Islas Vírgenes de los Estados Unidos', '+1-340', NULL, NULL, NULL),
(214, 'Wallis y Futuna', '+681', NULL, NULL, NULL),
(215, 'Yemen', '+967', NULL, NULL, NULL),
(216, 'Zambia', '+260', NULL, NULL, NULL),
(217, 'Zimbabue', '+263', NULL, NULL, NULL);

-- --------------------------------------------------------

--
-- Estructura de tabla para la tabla `puntos`
--

CREATE TABLE `puntos` (
  `ID` int(11) NOT NULL,
  `Tipo` varchar(255) DEFAULT NULL,
  `LimiteInferior` int(11) DEFAULT NULL,
  `LimiteSuperior` int(11) DEFAULT NULL,
  `ValorPuntos` int(11) DEFAULT NULL
) ENGINE=InnoDB DEFAULT CHARSET=utf8mb4 COLLATE=utf8mb4_general_ci;

-- --------------------------------------------------------

--
-- Estructura de tabla para la tabla `socio`
--

CREATE TABLE `socio` (
  `ID` int(11) NOT NULL,
  `PrimerNombre` varchar(255) DEFAULT NULL,
  `SegundoNombre` varchar(255) DEFAULT NULL,
  `ApellidoPaterno` varchar(255) DEFAULT NULL,
  `ApellidoMaterno` varchar(255) DEFAULT NULL,
  `FechaNacimiento` date DEFAULT NULL,
  `Correo` varchar(255) DEFAULT NULL,
  `Pais` varchar(100) DEFAULT NULL,
  `Estado` varchar(100) DEFAULT NULL,
  `Ciudad` varchar(100) DEFAULT NULL,
  `Genero` varchar(15) DEFAULT NULL,
  `TelefonoCasa` varchar(15) DEFAULT NULL,
  `TelefonoOficina` varchar(15) DEFAULT NULL,
  `TelefonoCelular` varchar(15) DEFAULT NULL,
  `password` varchar(255) DEFAULT NULL,
  `notificar` varchar(2) DEFAULT NULL,
  `NumeroReferencia` varchar(20) DEFAULT NULL,
  `PuntosAcumulados` int(11) DEFAULT NULL,
  `FechaRegistro` date DEFAULT NULL,
  `LealtadHabitacionID` int(11) DEFAULT NULL,
  `updated_at` timestamp NOT NULL DEFAULT current_timestamp() ON UPDATE current_timestamp()
) ENGINE=InnoDB DEFAULT CHARSET=utf8mb4 COLLATE=utf8mb4_general_ci;

--
-- Volcado de datos para la tabla `socio`
--

INSERT INTO `socio` (`ID`, `PrimerNombre`, `SegundoNombre`, `ApellidoPaterno`, `ApellidoMaterno`, `FechaNacimiento`, `Correo`, `Pais`, `Estado`, `Ciudad`, `Genero`, `TelefonoCasa`, `TelefonoOficina`, `TelefonoCelular`, `password`, `notificar`, `NumeroReferencia`, `PuntosAcumulados`, `FechaRegistro`, `LealtadHabitacionID`, `updated_at`) VALUES
(18, 'OLIVER', 'PEPE', 'PIEDRA', 'CORTES', '1998-06-27', 'oliver_snake05@hotmail.com', 'MEXICO', 'SONORA', 'SONORA', 'Masculino', '223343454', '4234231321', '7810100433', '$2y$10$wGnwj/3dMHq.NgKGexdxEeVfndcUWUJiUNb8aNvAribLltBKvETYC', 'no', NULL, NULL, NULL, NULL, '2024-02-19 22:45:02');

-- --------------------------------------------------------

--
-- Estructura de tabla para la tabla `superadmin`
--

CREATE TABLE `superadmin` (
  `id` int(11) NOT NULL,
  `email` varchar(250) NOT NULL,
  `password` varchar(250) NOT NULL
) ENGINE=InnoDB DEFAULT CHARSET=utf8mb4 COLLATE=utf8mb4_general_ci;

--
-- Volcado de datos para la tabla `superadmin`
--

INSERT INTO `superadmin` (`id`, `email`, `password`) VALUES
(1, 'superadmin@gmail.com', '*84AAC12F54AB666ECFC2A83C676908C8BBC381B1'),
(2, 'correo@example.com', 'pepe'),
(3, 'superadmin@example.com', '$2y$10$3T9SaVhf07JrTW7/HJKCoOif198JBFTdboo3EEvqYipHGCrpuVVc.');

-- --------------------------------------------------------

--
-- Estructura de tabla para la tabla `transaccionhotel`
--

CREATE TABLE `transaccionhotel` (
  `ID` int(11) NOT NULL,
  `SocioID` int(11) DEFAULT NULL,
  `LealtadHotelID` int(11) DEFAULT NULL,
  `FechaTransaccion` datetime DEFAULT NULL,
  `TipoTransaccion` enum('Ganancia','Canje') DEFAULT NULL,
  `CantidadPuntos` int(11) DEFAULT NULL,
  `Descripcion` varchar(255) DEFAULT NULL,
  `NegocioID` int(11) DEFAULT NULL
) ENGINE=InnoDB DEFAULT CHARSET=utf8mb4 COLLATE=utf8mb4_general_ci;

-- --------------------------------------------------------

--
-- Estructura de tabla para la tabla `transaccionrestaurante`
--

CREATE TABLE `transaccionrestaurante` (
  `ID` int(11) NOT NULL,
  `SocioID` int(11) DEFAULT NULL,
  `LealtadRestauranteID` int(11) DEFAULT NULL,
  `FechaTransaccion` datetime DEFAULT NULL,
  `TipoTransaccion` enum('Ganancia','Canje') DEFAULT NULL,
  `CantidadPuntos` int(11) DEFAULT NULL,
  `Descripcion` varchar(255) DEFAULT NULL,
  `NegocioID` int(11) DEFAULT NULL
) ENGINE=InnoDB DEFAULT CHARSET=utf8mb4 COLLATE=utf8mb4_general_ci;

--
-- Índices para tablas volcadas
--

--
-- Indices de la tabla `admin`
--
ALTER TABLE `admin`
  ADD PRIMARY KEY (`ID`),
  ADD UNIQUE KEY `Correo` (`email`);

--
-- Indices de la tabla `ciudades`
--
ALTER TABLE `ciudades`
  ADD PRIMARY KEY (`id`),
  ADD KEY `ciudades_estado_id_foreign` (`estado_id`);

--
-- Indices de la tabla `estados`
--
ALTER TABLE `estados`
  ADD PRIMARY KEY (`id`);

--
-- Indices de la tabla `lealtadhabitacion`
--
ALTER TABLE `lealtadhabitacion`
  ADD PRIMARY KEY (`ID`),
  ADD UNIQUE KEY `NumeroHabitacion` (`NumeroHabitacion`);

--
-- Indices de la tabla `lealtadhotel`
--
ALTER TABLE `lealtadhotel`
  ADD PRIMARY KEY (`ID`),
  ADD KEY `HabitacionID` (`HabitacionID`);

--
-- Indices de la tabla `lealtadrestaurante`
--
ALTER TABLE `lealtadrestaurante`
  ADD PRIMARY KEY (`ID`);

--
-- Indices de la tabla `negocio`
--
ALTER TABLE `negocio`
  ADD PRIMARY KEY (`ID`),
  ADD KEY `fk_admin_id` (`ADMIN_ID`);

--
-- Indices de la tabla `paises`
--
ALTER TABLE `paises`
  ADD PRIMARY KEY (`id`);

--
-- Indices de la tabla `puntos`
--
ALTER TABLE `puntos`
  ADD PRIMARY KEY (`ID`);

--
-- Indices de la tabla `socio`
--
ALTER TABLE `socio`
  ADD PRIMARY KEY (`ID`),
  ADD KEY `LealtadHabitacionID` (`LealtadHabitacionID`);

--
-- Indices de la tabla `superadmin`
--
ALTER TABLE `superadmin`
  ADD PRIMARY KEY (`id`);

--
-- Indices de la tabla `transaccionhotel`
--
ALTER TABLE `transaccionhotel`
  ADD PRIMARY KEY (`ID`),
  ADD KEY `SocioID` (`SocioID`),
  ADD KEY `LealtadHotelID` (`LealtadHotelID`),
  ADD KEY `NegocioID` (`NegocioID`);

--
-- Indices de la tabla `transaccionrestaurante`
--
ALTER TABLE `transaccionrestaurante`
  ADD PRIMARY KEY (`ID`),
  ADD KEY `SocioID` (`SocioID`),
  ADD KEY `LealtadRestauranteID` (`LealtadRestauranteID`),
  ADD KEY `NegocioID` (`NegocioID`);

--
-- AUTO_INCREMENT de las tablas volcadas
--

--
-- AUTO_INCREMENT de la tabla `admin`
--
ALTER TABLE `admin`
  MODIFY `ID` int(11) NOT NULL AUTO_INCREMENT, AUTO_INCREMENT=12;

--
-- AUTO_INCREMENT de la tabla `ciudades`
--
ALTER TABLE `ciudades`
  MODIFY `id` bigint(20) UNSIGNED NOT NULL AUTO_INCREMENT, AUTO_INCREMENT=1980;

--
-- AUTO_INCREMENT de la tabla `estados`
--
ALTER TABLE `estados`
  MODIFY `id` bigint(20) UNSIGNED NOT NULL AUTO_INCREMENT, AUTO_INCREMENT=33;

--
-- AUTO_INCREMENT de la tabla `lealtadhabitacion`
--
ALTER TABLE `lealtadhabitacion`
  MODIFY `ID` int(11) NOT NULL AUTO_INCREMENT;

--
-- AUTO_INCREMENT de la tabla `lealtadhotel`
--
ALTER TABLE `lealtadhotel`
  MODIFY `ID` int(11) NOT NULL AUTO_INCREMENT;

--
-- AUTO_INCREMENT de la tabla `lealtadrestaurante`
--
ALTER TABLE `lealtadrestaurante`
  MODIFY `ID` int(11) NOT NULL AUTO_INCREMENT;

--
-- AUTO_INCREMENT de la tabla `negocio`
--
ALTER TABLE `negocio`
  MODIFY `ID` int(11) NOT NULL AUTO_INCREMENT, AUTO_INCREMENT=21;

--
-- AUTO_INCREMENT de la tabla `paises`
--
ALTER TABLE `paises`
  MODIFY `id` bigint(20) UNSIGNED NOT NULL AUTO_INCREMENT, AUTO_INCREMENT=218;

--
-- AUTO_INCREMENT de la tabla `puntos`
--
ALTER TABLE `puntos`
  MODIFY `ID` int(11) NOT NULL AUTO_INCREMENT;

--
-- AUTO_INCREMENT de la tabla `socio`
--
ALTER TABLE `socio`
  MODIFY `ID` int(11) NOT NULL AUTO_INCREMENT, AUTO_INCREMENT=19;

--
-- AUTO_INCREMENT de la tabla `superadmin`
--
ALTER TABLE `superadmin`
  MODIFY `id` int(11) NOT NULL AUTO_INCREMENT, AUTO_INCREMENT=4;

--
-- AUTO_INCREMENT de la tabla `transaccionhotel`
--
ALTER TABLE `transaccionhotel`
  MODIFY `ID` int(11) NOT NULL AUTO_INCREMENT;

--
-- AUTO_INCREMENT de la tabla `transaccionrestaurante`
--
ALTER TABLE `transaccionrestaurante`
  MODIFY `ID` int(11) NOT NULL AUTO_INCREMENT;

--
-- Restricciones para tablas volcadas
--

--
-- Filtros para la tabla `ciudades`
--
ALTER TABLE `ciudades`
  ADD CONSTRAINT `ciudades_estado_id_foreign` FOREIGN KEY (`estado_id`) REFERENCES `estados` (`id`);

--
-- Filtros para la tabla `lealtadhotel`
--
ALTER TABLE `lealtadhotel`
  ADD CONSTRAINT `lealtadhotel_ibfk_1` FOREIGN KEY (`HabitacionID`) REFERENCES `lealtadhabitacion` (`ID`);

--
-- Filtros para la tabla `negocio`
--
ALTER TABLE `negocio`
  ADD CONSTRAINT `fk_admin_id` FOREIGN KEY (`ADMIN_ID`) REFERENCES `admin` (`ID`);

--
-- Filtros para la tabla `transaccionhotel`
--
ALTER TABLE `transaccionhotel`
  ADD CONSTRAINT `transaccionhotel_ibfk_1` FOREIGN KEY (`SocioID`) REFERENCES `socio` (`ID`),
  ADD CONSTRAINT `transaccionhotel_ibfk_2` FOREIGN KEY (`LealtadHotelID`) REFERENCES `lealtadhotel` (`ID`),
  ADD CONSTRAINT `transaccionhotel_ibfk_3` FOREIGN KEY (`NegocioID`) REFERENCES `negocio` (`ID`);

--
-- Filtros para la tabla `transaccionrestaurante`
--
ALTER TABLE `transaccionrestaurante`
  ADD CONSTRAINT `transaccionrestaurante_ibfk_1` FOREIGN KEY (`SocioID`) REFERENCES `socio` (`ID`),
  ADD CONSTRAINT `transaccionrestaurante_ibfk_2` FOREIGN KEY (`LealtadRestauranteID`) REFERENCES `lealtadrestaurante` (`ID`),
  ADD CONSTRAINT `transaccionrestaurante_ibfk_3` FOREIGN KEY (`NegocioID`) REFERENCES `negocio` (`ID`);
COMMIT;

/*!40101 SET CHARACTER_SET_CLIENT=@OLD_CHARACTER_SET_CLIENT */;
/*!40101 SET CHARACTER_SET_RESULTS=@OLD_CHARACTER_SET_RESULTS */;
/*!40101 SET COLLATION_CONNECTION=@OLD_COLLATION_CONNECTION */;
